-- MySQL dump 10.13  Distrib 8.0.42, for Win64 (x86_64)
--
-- Host: localhost    Database: brickyield
-- ------------------------------------------------------
-- Server version	8.0.42

/*!40101 SET @OLD_CHARACTER_SET_CLIENT=@@CHARACTER_SET_CLIENT */;
/*!40101 SET @OLD_CHARACTER_SET_RESULTS=@@CHARACTER_SET_RESULTS */;
/*!40101 SET @OLD_COLLATION_CONNECTION=@@COLLATION_CONNECTION */;
/*!50503 SET NAMES utf8 */;
/*!40103 SET @OLD_TIME_ZONE=@@TIME_ZONE */;
/*!40103 SET TIME_ZONE='+00:00' */;
/*!40014 SET @OLD_UNIQUE_CHECKS=@@UNIQUE_CHECKS, UNIQUE_CHECKS=0 */;
/*!40014 SET @OLD_FOREIGN_KEY_CHECKS=@@FOREIGN_KEY_CHECKS, FOREIGN_KEY_CHECKS=0 */;
/*!40101 SET @OLD_SQL_MODE=@@SQL_MODE, SQL_MODE='NO_AUTO_VALUE_ON_ZERO' */;
/*!40111 SET @OLD_SQL_NOTES=@@SQL_NOTES, SQL_NOTES=0 */;

--
-- Temporary view structure for view `developer_property_detail_view`
--

DROP TABLE IF EXISTS `developer_property_detail_view`;
/*!50001 DROP VIEW IF EXISTS `developer_property_detail_view`*/;
SET @saved_cs_client     = @@character_set_client;
/*!50503 SET character_set_client = utf8mb4 */;
/*!50001 CREATE VIEW `developer_property_detail_view` AS SELECT 
 1 AS `property_id`,
 1 AS `developer_id`,
 1 AS `property_name`,
 1 AS `property_type`,
 1 AS `city`,
 1 AS `state`,
 1 AS `total_area_sqft`,
 1 AS `total_shares_issued`,
 1 AS `available_shares`,
 1 AS `current_share_price`,
 1 AS `distribution_id`,
 1 AS `total_revenue`,
 1 AS `total_expenses`,
 1 AS `net_income`,
 1 AS `dividend_per_share`,
 1 AS `tenant_id`,
 1 AS `tenant_name`,
 1 AS `business_type`,
 1 AS `tenant_email`,
 1 AS `lease_id`,
 1 AS `lease_start_date`,
 1 AS `lease_end_date`,
 1 AS `yearly_rent`*/;
SET character_set_client = @saved_cs_client;

--
-- Table structure for table `developers`
--

DROP TABLE IF EXISTS `developers`;
/*!40101 SET @saved_cs_client     = @@character_set_client */;
/*!50503 SET character_set_client = utf8mb4 */;
CREATE TABLE `developers` (
  `developer_id` int NOT NULL,
  `user_id` int NOT NULL,
  `company_name` varchar(200) NOT NULL,
  `company_registration_number` varchar(20) NOT NULL,
  `total_properties_listed` int NOT NULL DEFAULT '0',
  `verified` tinyint(1) NOT NULL DEFAULT '0',
  PRIMARY KEY (`developer_id`),
  UNIQUE KEY `uq_developers_user` (`user_id`),
  UNIQUE KEY `uq_developers_reg_num` (`company_registration_number`),
  KEY `idx_developers_user` (`user_id`),
  CONSTRAINT `fk_developers_user` FOREIGN KEY (`user_id`) REFERENCES `users` (`user_id`) ON DELETE CASCADE ON UPDATE CASCADE,
  CONSTRAINT `chk_developers_props` CHECK ((`total_properties_listed` >= 0)),
  CONSTRAINT `chk_developers_verified` CHECK ((`verified` in (0,1)))
) ENGINE=InnoDB DEFAULT CHARSET=utf8mb4 COLLATE=utf8mb4_0900_ai_ci;
/*!40101 SET character_set_client = @saved_cs_client */;

--
-- Dumping data for table `developers`
--

LOCK TABLES `developers` WRITE;
/*!40000 ALTER TABLE `developers` DISABLE KEYS */;
INSERT INTO `developers` VALUES (20001,10003,'Piramal Realty','CIN967282521',2,1),(20002,10005,'Tirupati Balaji Builcon Pvt. Ltd.','CIN720922134',1,1),(20003,10006,'Nathani Supariwala Realty','CIN619916846',2,1),(20004,10007,'Right Channel Construction Pvt. Ltd.','CIN722076278',1,1),(20005,10009,'Sunshine Infra','CIN094890871',1,1),(20006,10012,'Arkade Group','CIN782026934',2,0),(20007,10014,'Adani Realty','CIN658152837',3,0),(20008,10016,'Windsor Realty','CIN670326166',1,1),(20009,10019,'Buildarch Land Developers Pvt. Ltd.','CIN443409490',1,1),(20010,10023,'Godrej Properties','CIN342355232',1,1),(20011,10026,'Lodha','CIN641698766',6,1),(20012,10027,'Raheja Universal Pvt. Ltd.','CIN932944937',1,1),(20013,10028,'Kanakia Spaces Realty Pvt. Ltd.','CIN978876575',3,1),(20014,10035,'Kalpataru Group','CIN539189251',1,1),(20015,10036,'Lashkaria Construction Company Pvt. Ltd.','CIN846748401',2,1),(20016,10037,'The Wadhwa Group','CIN455630202',1,0),(20017,10039,'Disha Construction','CIN047508942',2,1),(20018,10041,'Omkar Realtors and Developers Pvt. Ltd.','CIN116793849',4,0),(20019,10043,'Thakur Group','CIN309818193',1,1),(20020,10044,'Keemaya Builders','CIN198794743',1,1),(20021,10052,'Goyal Properties and Builders','CIN241187066',1,0),(20022,10054,'SD Corporation Pvt. Ltd.','CIN982054682',1,1),(20023,10055,'Siddhivinayak Constructions','CIN045771929',1,1),(20024,10056,'Sahajanand Infrastructure Pvt. Ltd.','CIN557828954',1,1),(20025,10062,'Aashish Promotors & Builders','CIN255716503',1,1),(20026,10068,'Lokhandwala Infrastructure','CIN635642152',1,0),(20027,10069,'N Rose Developers Pvt. Ltd.','CIN281404453',1,1),(20028,10070,'DB Realty Pvt. Ltd.','CIN230435803',1,1),(20029,10071,'Sunteck Realty Ltd.','CIN600856229',2,0),(20030,10073,'The Baya Company','CIN392177796',1,1),(20031,10076,'The Dynamix Group','CIN732324633',1,1),(20032,10077,'Sheth Creators & YM Infra','CIN848773230',1,1),(20033,10080,'K. Raheja Realty','CIN870557212',1,1),(20034,10083,'vastu builders','CIN525937477',1,1),(20035,10085,'Neelkanth Group','CIN473151899',1,1),(20036,10090,'Kalpataru Ltd.','CIN580800160',3,0),(20037,10094,'Sheth Creators Pvt. Ltd.','CIN124069960',1,1),(20038,10097,'Rustomjee','CIN540752564',2,1),(20039,10100,'Pride Purple Properties','CIN919526237',1,1),(20040,10102,'Bombay Realty','CIN094262809',2,1),(20041,10103,'C K Group','CIN604346708',1,1),(20042,10106,'Rite Developers Pvt. Ltd.','CIN639989296',1,0),(20043,10108,'Platinum Corp','CIN529625618',1,1),(20044,10110,'TATA Housing Development Company Ltd.','CIN021889255',1,1),(20045,10111,'Kolte Patil Developers Ltd.','CIN865377607',1,1),(20046,10112,'JP Infra','CIN302066593',1,1),(20047,10117,'Options Developers','CIN674253153',1,1),(20048,10119,'Oberoi Realty Ltd.','CIN722023713',2,1),(20049,10120,'MS Realty','CIN309471045',1,1),(20050,10121,'Titanium Group','CIN510557804',1,1),(20051,10122,'Raheja Group','CIN775925612',1,0),(20052,10126,'Kamala Group','CIN211227397',1,1),(20053,10128,'Ozone Group','CIN464103838',1,1),(20054,10130,'Sheth Creators Pvt. Ltd. and Sahana Group','CIN448653664',3,1),(20055,10134,'Suraj Developers','CIN133769732',3,0),(20056,10135,'House of Hiranandani','CIN739191707',1,1),(20057,10142,'Jaiveer Group','CIN927808761',1,1),(20058,10143,'Samarth Development Corporation','CIN321434555',1,1),(20059,10146,'Runwal Developers','CIN984097859',1,1),(20060,10149,'RNA NG Builders','CIN126165669',1,1),(20061,10153,'Prescon Group','CIN371027562',1,1),(20062,10154,'Atul Projects','CIN346619429',1,1),(20063,10158,'Romell Group','CIN087337530',1,0),(20064,10159,'IM Buildcon','CIN740070318',1,1),(20065,10161,'Khemchand Kothari Group','CIN975534476',1,1),(20066,10163,'Darshan Properties Group','CIN163784402',1,1),(20067,10164,'Ruparel Realty','CIN277575311',1,0),(20068,10165,'Sea Princess Realty','CIN649333134',1,1),(20069,10167,'Sundervan Group','CIN168956321',1,1),(20070,10170,'Shree Naman Group','CIN313554459',1,1),(20071,10172,'Interintel Constructions','CIN911218689',1,0),(20072,10173,'Happy Homes','CIN413564474',1,0),(20073,10174,'Rajesh LifeSpaces','CIN157202275',1,1),(20074,10175,'Dwello','CIN745525957',1,1),(20075,10185,'Dudhwala Constructions','CIN742476280',1,1),(20076,10189,'Hubtown Ltd.','CIN280818276',1,1),(20077,10193,'Mahindra Lifespace Developers Ltd.','CIN864678855',1,1),(20078,10194,'Eon Group','CIN519259598',1,1),(20079,10198,'Evershine Builders','CIN174026711',1,0);
/*!40000 ALTER TABLE `developers` ENABLE KEYS */;
UNLOCK TABLES;

--
-- Table structure for table `dividend_distributions`
--

DROP TABLE IF EXISTS `dividend_distributions`;
/*!40101 SET @saved_cs_client     = @@character_set_client */;
/*!50503 SET character_set_client = utf8mb4 */;
CREATE TABLE `dividend_distributions` (
  `distribution_id` int NOT NULL,
  `property_id` int NOT NULL,
  `total_revenue` decimal(15,2) NOT NULL,
  `total_expenses` decimal(15,2) NOT NULL,
  `net_income` decimal(15,2) NOT NULL,
  `dividend_per_share` decimal(10,4) NOT NULL,
  PRIMARY KEY (`distribution_id`),
  KEY `idx_distributions_prop` (`property_id`),
  CONSTRAINT `fk_distributions_property` FOREIGN KEY (`property_id`) REFERENCES `properties` (`property_id`) ON DELETE RESTRICT ON UPDATE CASCADE,
  CONSTRAINT `chk_dist_dps` CHECK ((`dividend_per_share` >= 0)),
  CONSTRAINT `chk_dist_expenses` CHECK ((`total_expenses` >= 0)),
  CONSTRAINT `chk_dist_revenue` CHECK ((`total_revenue` >= 0))
) ENGINE=InnoDB DEFAULT CHARSET=utf8mb4 COLLATE=utf8mb4_0900_ai_ci;
/*!40101 SET character_set_client = @saved_cs_client */;

--
-- Dumping data for table `dividend_distributions`
--

LOCK TABLES `dividend_distributions` WRITE;
/*!40000 ALTER TABLE `dividend_distributions` DISABLE KEYS */;
INSERT INTO `dividend_distributions` VALUES (30001,22001,2950000.00,144000.00,2806000.00,1403.0000),(30002,22002,2210000.00,36000.00,2174000.00,43.4800),(30003,22003,4640000.00,456000.00,4184000.00,2092.0000),(30004,22004,1330000.00,102000.00,1228000.00,24.5600),(30005,22005,1230000.00,96000.00,1134000.00,22.6800),(30006,22006,1330000.00,96000.00,1234000.00,24.6800),(30007,22007,2870000.00,216000.00,2654000.00,265.4000),(30008,22008,8510000.00,396000.00,8114000.00,4057.0000),(30009,22009,2370000.00,112800.00,2257200.00,225.7200),(30010,22010,1110000.00,96000.00,1014000.00,20.2800),(30011,22011,4530000.00,264000.00,4266000.00,2133.0000),(30012,22012,1830000.00,72000.00,1758000.00,35.1600),(30013,22013,1750000.00,132000.00,1618000.00,161.8000),(30014,22014,3500000.00,108000.00,3392000.00,339.2000),(30015,22015,2080000.00,60000.00,2020000.00,40.4000),(30016,22016,1260000.00,90000.00,1170000.00,23.4000),(30017,22017,2980000.00,132000.00,2848000.00,1424.0000),(30018,22018,6320000.00,384000.00,5936000.00,2968.0000),(30019,22019,2980000.00,132000.00,2848000.00,1424.0000),(30020,22020,1210000.00,60000.00,1150000.00,23.0000),(30021,22021,6320000.00,384000.00,5936000.00,2968.0000),(30022,22022,990000.00,84000.00,906000.00,18.1200),(30023,22023,4530000.00,264000.00,4266000.00,2133.0000),(30024,22024,1510000.00,30000.00,1480000.00,29.6000),(30025,22025,1630000.00,240000.00,1390000.00,139.0000),(30026,22026,1030000.00,90000.00,940000.00,18.8000),(30027,22027,1890000.00,180000.00,1710000.00,171.0000),(30028,22028,3370000.00,96000.00,3274000.00,1637.0000),(30029,22029,1720000.00,42000.00,1678000.00,33.5600),(30030,22030,1360000.00,96000.00,1264000.00,25.2800),(30031,22031,1230000.00,108000.00,1122000.00,22.4400),(30032,22032,1690000.00,132000.00,1558000.00,31.1600),(30033,22033,1230000.00,60000.00,1170000.00,23.4000),(30034,22034,1320000.00,90000.00,1230000.00,24.6000),(30035,22035,830000.00,78000.00,752000.00,15.0400),(30036,22036,2460000.00,60000.00,2400000.00,240.0000),(30037,22037,4320000.00,22800.00,4297200.00,2148.6000),(30038,22038,2540000.00,114000.00,2426000.00,242.6000),(30039,22039,1080000.00,72000.00,1008000.00,20.1600),(30040,22040,1310000.00,50076.00,1259924.00,25.1985),(30041,22041,1140000.00,73200.00,1066800.00,21.3360),(30042,22042,2620000.00,144000.00,2476000.00,247.6000),(30043,22043,1360000.00,78000.00,1282000.00,25.6400),(30044,22044,3380000.00,168000.00,3212000.00,1606.0000),(30045,22045,1520000.00,114000.00,1406000.00,28.1200),(30046,22046,3710000.00,240000.00,3470000.00,1735.0000),(30047,22047,4630000.00,180000.00,4450000.00,2225.0000),(30048,22048,860000.00,60000.00,800000.00,16.0000),(30049,22049,1040000.00,38400.00,1001600.00,20.0320),(30050,22050,4640000.00,456000.00,4184000.00,2092.0000),(30051,22051,980000.00,96000.00,884000.00,17.6800),(30052,22052,1390000.00,120000.00,1270000.00,25.4000),(30053,22053,5150000.00,192000.00,4958000.00,2479.0000),(30054,22054,1880000.00,96000.00,1784000.00,35.6800),(30055,22055,1030000.00,102000.00,928000.00,18.5600),(30056,22056,1860000.00,60000.00,1800000.00,36.0000),(30057,22057,1870000.00,144000.00,1726000.00,172.6000),(30058,22058,1750000.00,132000.00,1618000.00,161.8000),(30059,22059,2520000.00,180000.00,2340000.00,234.0000),(30060,22060,1660000.00,96000.00,1564000.00,156.4000),(30061,22061,3140000.00,38400.00,3101600.00,310.1600),(30062,22062,10010000.00,120000.00,9890000.00,4945.0000),(30063,22063,1960000.00,144000.00,1816000.00,181.6000),(30064,22064,2870000.00,216000.00,2654000.00,265.4000),(30065,22065,3600000.00,240000.00,3360000.00,1680.0000),(30066,22066,1440000.00,42000.00,1398000.00,139.8000),(30067,22067,3280000.00,360000.00,2920000.00,1460.0000),(30068,22068,1820000.00,84000.00,1736000.00,34.7200),(30069,22069,1430000.00,72000.00,1358000.00,27.1600),(30070,22070,2060000.00,132000.00,1928000.00,192.8000),(30072,22072,1090000.00,84000.00,1006000.00,20.1200),(30073,22073,1750000.00,42000.00,1708000.00,34.1600),(30074,22074,2360000.00,84000.00,2276000.00,227.6000),(30075,22075,2870000.00,216000.00,2654000.00,265.4000),(30076,22076,1740000.00,96000.00,1644000.00,32.8800),(30078,22078,1220000.00,120000.00,1100000.00,22.0000),(30079,22079,1330000.00,108000.00,1222000.00,24.4400),(30080,22080,2200000.00,72000.00,2128000.00,212.8000),(30081,22081,4290000.00,300000.00,3990000.00,1995.0000),(30082,22082,4110000.00,240000.00,3870000.00,1935.0000),(30083,22083,1260000.00,36000.00,1224000.00,24.4800),(30084,22084,3760000.00,192000.00,3568000.00,1784.0000),(30085,22085,3600000.00,240000.00,3360000.00,1680.0000),(30086,22086,1090000.00,84000.00,1006000.00,20.1200),(30087,22087,1980000.00,90000.00,1890000.00,189.0000),(30088,22088,1750000.00,150000.00,1600000.00,160.0000),(30089,22089,4580000.00,228000.00,4352000.00,2176.0000),(30090,22090,3530000.00,216000.00,3314000.00,1657.0000),(30091,22091,1720000.00,72000.00,1648000.00,164.8000),(30092,22092,2080000.00,60000.00,2020000.00,40.4000),(30093,22093,2280000.00,108000.00,2172000.00,217.2000),(30094,22094,6320000.00,384000.00,5936000.00,2968.0000),(30095,22095,6470000.00,168000.00,6302000.00,3151.0000),(30096,22096,2000000.00,120000.00,1880000.00,188.0000),(30097,22097,3280000.00,360000.00,2920000.00,1460.0000),(30098,22098,1240000.00,84000.00,1156000.00,23.1200),(30100,22100,3600000.00,240000.00,3360000.00,1680.0000),(30101,22101,2160000.00,96000.00,2064000.00,206.4000),(30102,22102,2210000.00,120000.00,2090000.00,209.0000),(30103,22103,1390000.00,84000.00,1306000.00,26.1200),(30104,22104,2930000.00,600000.00,2330000.00,1165.0000),(30105,22105,2200000.00,108000.00,2092000.00,209.2000);
/*!40000 ALTER TABLE `dividend_distributions` ENABLE KEYS */;
UNLOCK TABLES;

--
-- Table structure for table `dividend_payments`
--

DROP TABLE IF EXISTS `dividend_payments`;
/*!40101 SET @saved_cs_client     = @@character_set_client */;
/*!50503 SET character_set_client = utf8mb4 */;
CREATE TABLE `dividend_payments` (
  `payment_id` int NOT NULL AUTO_INCREMENT,
  `distribution_id` int NOT NULL,
  `investor_id` int NOT NULL,
  `shares_held` int NOT NULL,
  `dividend_amount` decimal(15,2) NOT NULL,
  `payment_status` enum('pending','completed') DEFAULT 'pending',
  PRIMARY KEY (`payment_id`),
  UNIQUE KEY `uq_div_payments_dist_inv` (`distribution_id`,`investor_id`),
  KEY `idx_payments_dist` (`distribution_id`),
  KEY `idx_payments_investor` (`investor_id`),
  CONSTRAINT `fk_div_payments_dist` FOREIGN KEY (`distribution_id`) REFERENCES `dividend_distributions` (`distribution_id`) ON DELETE RESTRICT ON UPDATE CASCADE,
  CONSTRAINT `fk_div_payments_investor` FOREIGN KEY (`investor_id`) REFERENCES `investors` (`investor_id`) ON DELETE RESTRICT ON UPDATE CASCADE,
  CONSTRAINT `chk_div_payments_amount` CHECK ((`dividend_amount` > 0)),
  CONSTRAINT `chk_div_payments_shares` CHECK ((`shares_held` > 0))
) ENGINE=InnoDB AUTO_INCREMENT=3 DEFAULT CHARSET=utf8mb4 COLLATE=utf8mb4_0900_ai_ci;
/*!40101 SET character_set_client = @saved_cs_client */;

--
-- Dumping data for table `dividend_payments`
--

LOCK TABLES `dividend_payments` WRITE;
/*!40000 ALTER TABLE `dividend_payments` DISABLE KEYS */;
INSERT INTO `dividend_payments` VALUES (1,30001,21001,7,9821.00,'completed'),(2,30002,21001,30,1304.40,'completed');
/*!40000 ALTER TABLE `dividend_payments` ENABLE KEYS */;
UNLOCK TABLES;

--
-- Temporary view structure for view `investor_portfolio_view`
--

DROP TABLE IF EXISTS `investor_portfolio_view`;
/*!50001 DROP VIEW IF EXISTS `investor_portfolio_view`*/;
SET @saved_cs_client     = @@character_set_client;
/*!50503 SET character_set_client = utf8mb4 */;
/*!50001 CREATE VIEW `investor_portfolio_view` AS SELECT 
 1 AS `investor_id`,
 1 AS `name`,
 1 AS `email`,
 1 AS `kyc_verified`,
 1 AS `balance`,
 1 AS `total_invested`,
 1 AS `total_dividends_earned`,
 1 AS `risk_profile`*/;
SET character_set_client = @saved_cs_client;

--
-- Table structure for table `investors`
--

DROP TABLE IF EXISTS `investors`;
/*!40101 SET @saved_cs_client     = @@character_set_client */;
/*!50503 SET character_set_client = utf8mb4 */;
CREATE TABLE `investors` (
  `investor_id` int NOT NULL,
  `user_id` int NOT NULL,
  `wallet_balance` decimal(15,2) NOT NULL DEFAULT '0.00',
  `total_invested` decimal(15,2) NOT NULL DEFAULT '0.00',
  `total_dividends_earned` decimal(15,2) NOT NULL DEFAULT '0.00',
  `risk_profile` enum('conservative','moderate','aggressive') NOT NULL DEFAULT 'moderate',
  `bank_account_number` varchar(20) NOT NULL,
  PRIMARY KEY (`investor_id`),
  UNIQUE KEY `uq_investors_user` (`user_id`),
  KEY `idx_investors_user` (`user_id`),
  CONSTRAINT `fk_investors_user` FOREIGN KEY (`user_id`) REFERENCES `users` (`user_id`) ON DELETE CASCADE ON UPDATE CASCADE,
  CONSTRAINT `chk_investors_dividends` CHECK ((`total_dividends_earned` >= 0)),
  CONSTRAINT `chk_investors_invested` CHECK ((`total_invested` >= 0)),
  CONSTRAINT `chk_investors_wallet` CHECK ((`wallet_balance` >= 0))
) ENGINE=InnoDB DEFAULT CHARSET=utf8mb4 COLLATE=utf8mb4_0900_ai_ci;
/*!40101 SET character_set_client = @saved_cs_client */;

--
-- Dumping data for table `investors`
--

LOCK TABLES `investors` WRITE;
/*!40000 ALTER TABLE `investors` DISABLE KEYS */;
INSERT INTO `investors` VALUES (21001,10001,788174.40,234150.00,11125.40,'moderate','3.28317E+11'),(21002,10002,0.00,0.00,0.00,'moderate','7.68446E+11'),(21003,10004,0.00,0.00,0.00,'moderate','8.73984E+11'),(21004,10008,0.00,0.00,0.00,'moderate','8.70681E+11'),(21005,10010,0.00,0.00,0.00,'moderate','9.8388E+11'),(21006,10011,0.00,0.00,0.00,'moderate','7.74002E+11'),(21007,10013,0.00,0.00,0.00,'moderate','1.86421E+11'),(21008,10015,0.00,0.00,0.00,'moderate','8.66056E+11'),(21009,10017,0.00,0.00,0.00,'moderate','4.28117E+11'),(21010,10018,0.00,0.00,0.00,'moderate','6.72909E+11'),(21011,10020,0.00,0.00,0.00,'moderate','7.72326E+11'),(21012,10021,0.00,0.00,0.00,'moderate','8.45149E+11'),(21013,10022,0.00,0.00,0.00,'moderate','3.27745E+11'),(21014,10024,0.00,0.00,0.00,'moderate','9.13577E+11'),(21015,10025,0.00,0.00,0.00,'moderate','9.16066E+11'),(21016,10029,0.00,0.00,0.00,'moderate','5.82379E+11'),(21017,10030,0.00,0.00,0.00,'moderate','2.96451E+11'),(21018,10031,0.00,0.00,0.00,'moderate','1.708E+11'),(21019,10032,0.00,0.00,0.00,'moderate','7.62294E+11'),(21020,10033,0.00,0.00,0.00,'moderate','5.04887E+11'),(21021,10034,0.00,0.00,0.00,'moderate','7.23998E+11'),(21022,10038,0.00,0.00,0.00,'moderate','5.66037E+11'),(21023,10040,0.00,0.00,0.00,'moderate','9.91203E+11'),(21024,10042,0.00,0.00,0.00,'moderate','5.63506E+11'),(21025,10045,0.00,0.00,0.00,'moderate','3.42917E+11'),(21026,10046,0.00,0.00,0.00,'moderate','7.44808E+11'),(21027,10047,0.00,0.00,0.00,'moderate','7.93028E+11'),(21028,10048,0.00,0.00,0.00,'moderate','1.71072E+11'),(21029,10049,0.00,0.00,0.00,'moderate','9.09168E+11'),(21030,10050,0.00,0.00,0.00,'moderate','9.47434E+11'),(21031,10051,0.00,0.00,0.00,'moderate','6.6484E+11'),(21032,10053,0.00,0.00,0.00,'moderate','5.03747E+11'),(21033,10057,0.00,0.00,0.00,'moderate','82843521225'),(21034,10058,0.00,0.00,0.00,'moderate','7.77959E+11'),(21035,10059,0.00,0.00,0.00,'moderate','7.35735E+11'),(21036,10060,0.00,0.00,0.00,'moderate','1.00604E+11'),(21037,10061,0.00,0.00,0.00,'moderate','8.01712E+11'),(21038,10063,0.00,0.00,0.00,'moderate','3.39746E+11'),(21039,10064,0.00,0.00,0.00,'moderate','3.68372E+11'),(21040,10065,0.00,0.00,0.00,'moderate','5.13866E+11'),(21041,10066,0.00,0.00,0.00,'moderate','6.98673E+11'),(21042,10067,0.00,0.00,0.00,'moderate','44148338757'),(21043,10072,0.00,0.00,0.00,'moderate','2.47002E+11'),(21044,10074,0.00,0.00,0.00,'moderate','9.39875E+11'),(21045,10075,0.00,0.00,0.00,'moderate','4.59562E+11'),(21046,10078,0.00,0.00,0.00,'moderate','86402694174'),(21047,10079,0.00,0.00,0.00,'moderate','8.26333E+11'),(21048,10081,0.00,0.00,0.00,'moderate','1.60685E+11'),(21049,10082,0.00,0.00,0.00,'moderate','6.95224E+11'),(21050,10084,0.00,0.00,0.00,'moderate','1.94912E+11'),(21051,10086,0.00,0.00,0.00,'moderate','1.53781E+11'),(21052,10087,0.00,0.00,0.00,'moderate','7.57116E+11'),(21053,10088,0.00,0.00,0.00,'moderate','8.88265E+11'),(21054,10089,0.00,0.00,0.00,'moderate','3.86042E+11'),(21055,10091,0.00,0.00,0.00,'moderate','6.92377E+11'),(21056,10092,0.00,0.00,0.00,'moderate','4.45307E+11'),(21057,10093,0.00,0.00,0.00,'moderate','1.82E+11'),(21058,10095,0.00,0.00,0.00,'moderate','6.24495E+11'),(21059,10096,0.00,0.00,0.00,'moderate','8722226589'),(21060,10098,0.00,0.00,0.00,'moderate','6.41183E+11'),(21061,10099,0.00,0.00,0.00,'moderate','8.42357E+11'),(21062,10101,0.00,0.00,0.00,'moderate','5.26432E+11'),(21063,10104,0.00,0.00,0.00,'moderate','5.20884E+11'),(21064,10105,0.00,0.00,0.00,'moderate','4.75984E+11'),(21065,10107,0.00,0.00,0.00,'moderate','3.16525E+11'),(21066,10109,0.00,0.00,0.00,'moderate','6.22848E+11'),(21067,10113,0.00,0.00,0.00,'moderate','5.64117E+11'),(21068,10114,0.00,0.00,0.00,'moderate','9.89181E+11'),(21069,10115,0.00,0.00,0.00,'moderate','2.75177E+11'),(21070,10116,0.00,0.00,0.00,'moderate','5.79875E+11'),(21071,10118,0.00,0.00,0.00,'moderate','1.53009E+11'),(21072,10123,0.00,0.00,0.00,'moderate','9.47198E+11'),(21073,10124,0.00,0.00,0.00,'moderate','1.77368E+11'),(21074,10125,0.00,0.00,0.00,'moderate','1.41273E+11'),(21075,10127,0.00,0.00,0.00,'moderate','7.48563E+11'),(21076,10129,0.00,0.00,0.00,'moderate','3.41596E+11'),(21077,10131,0.00,0.00,0.00,'moderate','4.9708E+11'),(21078,10132,0.00,0.00,0.00,'moderate','8.83642E+11'),(21079,10133,0.00,0.00,0.00,'moderate','8.92733E+11'),(21080,10136,0.00,0.00,0.00,'moderate','4.8118E+11'),(21081,10137,0.00,0.00,0.00,'moderate','6.76888E+11'),(21082,10138,0.00,0.00,0.00,'moderate','6.08577E+11'),(21083,10139,0.00,0.00,0.00,'moderate','4.74662E+11'),(21084,10140,0.00,0.00,0.00,'moderate','4.41733E+11'),(21085,10141,0.00,0.00,0.00,'moderate','4.5044E+11'),(21086,10144,0.00,0.00,0.00,'moderate','7.96856E+11'),(21087,10145,0.00,0.00,0.00,'moderate','7.57341E+11'),(21088,10147,0.00,0.00,0.00,'moderate','3.18487E+11'),(21089,10148,0.00,0.00,0.00,'moderate','8.13707E+11'),(21090,10150,0.00,0.00,0.00,'moderate','9.07546E+11'),(21091,10151,0.00,0.00,0.00,'moderate','1.66385E+11'),(21092,10152,0.00,0.00,0.00,'moderate','8.16859E+11'),(21093,10155,0.00,0.00,0.00,'moderate','7.69179E+11'),(21094,10156,0.00,0.00,0.00,'moderate','5.97686E+11'),(21095,10157,0.00,0.00,0.00,'moderate','27961072534'),(21096,10160,0.00,0.00,0.00,'moderate','6.65264E+11'),(21097,10162,0.00,0.00,0.00,'moderate','4.76907E+11'),(21098,10166,0.00,0.00,0.00,'moderate','7.35717E+11'),(21099,10168,0.00,0.00,0.00,'moderate','1.02218E+11'),(21100,10169,0.00,0.00,0.00,'moderate','7.68375E+11'),(21101,10171,0.00,0.00,0.00,'moderate','1.54386E+11'),(21102,10176,0.00,0.00,0.00,'moderate','7.61327E+11'),(21103,10177,0.00,0.00,0.00,'moderate','1.27058E+11'),(21104,10178,0.00,0.00,0.00,'moderate','9756262682'),(21105,10179,0.00,0.00,0.00,'moderate','8.87481E+11'),(21106,10180,0.00,0.00,0.00,'moderate','2.08944E+11'),(21107,10181,0.00,0.00,0.00,'moderate','70835266293'),(21108,10182,0.00,0.00,0.00,'moderate','8.01278E+11'),(21109,10183,0.00,0.00,0.00,'moderate','8.69081E+11'),(21110,10184,0.00,0.00,0.00,'moderate','7.72981E+11'),(21111,10186,0.00,0.00,0.00,'moderate','79560621593'),(21112,10187,0.00,0.00,0.00,'moderate','6.22014E+11'),(21113,10188,0.00,0.00,0.00,'moderate','9.13776E+11'),(21114,10190,0.00,0.00,0.00,'moderate','7.41603E+11'),(21115,10191,0.00,0.00,0.00,'moderate','8.86857E+11'),(21116,10192,0.00,0.00,0.00,'moderate','1.38582E+11'),(21117,10195,0.00,0.00,0.00,'moderate','9.67116E+11'),(21118,10196,0.00,0.00,0.00,'moderate','7.22266E+11'),(21119,10197,0.00,0.00,0.00,'moderate','1.96276E+11');
/*!40000 ALTER TABLE `investors` ENABLE KEYS */;
UNLOCK TABLES;

--
-- Table structure for table `lease_agreements`
--

DROP TABLE IF EXISTS `lease_agreements`;
/*!40101 SET @saved_cs_client     = @@character_set_client */;
/*!50503 SET character_set_client = utf8mb4 */;
CREATE TABLE `lease_agreements` (
  `lease_id` int NOT NULL,
  `property_id` int NOT NULL,
  `tenant_id` int NOT NULL,
  `space_area_sqft` decimal(12,1) NOT NULL,
  `yearly_rent` decimal(15,2) NOT NULL,
  `lease_start_date` date NOT NULL,
  `lease_end_date` date NOT NULL,
  PRIMARY KEY (`lease_id`),
  KEY `idx_leases_property` (`property_id`),
  KEY `idx_leases_tenant` (`tenant_id`),
  CONSTRAINT `fk_leases_property` FOREIGN KEY (`property_id`) REFERENCES `properties` (`property_id`) ON DELETE RESTRICT ON UPDATE CASCADE,
  CONSTRAINT `fk_leases_tenant` FOREIGN KEY (`tenant_id`) REFERENCES `tenants` (`tenant_id`) ON DELETE RESTRICT ON UPDATE CASCADE,
  CONSTRAINT `chk_leases_area` CHECK ((`space_area_sqft` > 0)),
  CONSTRAINT `chk_leases_dates` CHECK ((`lease_end_date` > `lease_start_date`)),
  CONSTRAINT `chk_leases_rent` CHECK ((`yearly_rent` > 0))
) ENGINE=InnoDB DEFAULT CHARSET=utf8mb4 COLLATE=utf8mb4_0900_ai_ci;
/*!40101 SET character_set_client = @saved_cs_client */;

--
-- Dumping data for table `lease_agreements`
--

LOCK TABLES `lease_agreements` WRITE;
/*!40000 ALTER TABLE `lease_agreements` DISABLE KEYS */;
INSERT INTO `lease_agreements` VALUES (51001,22001,50001,3520.0,245833.33,'2019-07-24','2034-07-24'),(51002,22002,50002,1200.0,184166.67,'2024-07-03','2039-07-03'),(51003,22003,50003,3600.0,386666.67,'2024-09-11','2039-09-11'),(51004,22004,50004,1482.0,110833.33,'2024-06-08','2039-06-08'),(51005,22005,50005,900.0,102500.00,'2024-09-22','2039-09-22'),(51006,22006,50006,1272.0,110833.33,'2023-12-26','2038-12-26'),(51007,22007,50007,2000.0,239166.67,'2019-02-23','2034-02-23'),(51008,22008,50008,4300.0,709166.67,'2019-10-26','2034-10-26'),(51009,22009,50009,800.0,197500.00,'2021-02-11','2036-02-11'),(51010,22010,50010,2917.0,92500.00,'2019-11-27','2034-11-27'),(51011,22011,50011,3195.0,377500.00,'2024-04-25','2039-04-25'),(51012,22012,50012,1330.0,152500.00,'2021-05-03','2036-05-03'),(51013,22013,50013,1600.0,145833.33,'2019-12-26','2034-12-26'),(51014,22014,50014,1647.0,291666.67,'2022-03-31','2037-03-31'),(51015,22015,50015,2000.0,173333.33,'2019-01-14','2034-01-14'),(51016,22016,50016,650.0,105000.00,'2019-06-20','2034-06-20'),(51017,22017,50017,1600.0,248333.33,'2023-10-19','2038-10-19'),(51018,22018,50018,4846.0,526666.67,'2024-04-20','2039-04-20'),(51019,22019,50019,1472.0,248333.33,'2021-12-22','2036-12-22'),(51020,22020,50020,1400.0,100833.33,'2021-04-11','2036-04-11'),(51021,22021,50021,2050.0,526666.67,'2023-02-23','2038-02-23'),(51022,22022,50022,820.0,82500.00,'2023-03-18','2038-03-18'),(51023,22023,50023,1650.0,377500.00,'2019-07-05','2034-07-05'),(51024,22024,50024,1580.0,125833.33,'2020-05-19','2035-05-19'),(51025,22025,50025,1041.0,135833.33,'2022-05-01','2037-05-01'),(51026,22026,50026,1450.0,85833.33,'2019-10-12','2034-10-12'),(51027,22027,50027,1077.0,157500.00,'2022-03-22','2037-03-22'),(51028,22028,50028,1300.0,280833.33,'2023-10-18','2038-10-18'),(51029,22029,50029,1500.0,143333.33,'2022-07-14','2037-07-14'),(51030,22030,50030,1050.0,113333.33,'2020-04-25','2035-04-25'),(51031,22031,50031,1261.0,102500.00,'2022-08-02','2037-08-02'),(51032,22032,50032,1510.0,140833.33,'2020-03-17','2035-03-17'),(51033,22033,50033,1500.0,102500.00,'2024-05-15','2039-05-15'),(51034,22034,50034,1100.0,110000.00,'2019-07-09','2034-07-09'),(51035,22035,50035,1064.0,69166.67,'2020-09-29','2035-09-29'),(51036,22036,50036,730.0,205000.00,'2024-10-23','2039-10-23'),(51037,22037,50037,2600.0,360000.00,'2023-05-03','2038-05-03'),(51038,22038,50038,1645.0,211666.67,'2020-09-20','2035-09-20'),(51039,22039,50039,1105.0,90000.00,'2019-04-10','2034-04-10'),(51040,22040,50040,915.0,109166.67,'2023-11-19','2038-11-19'),(51041,22041,50041,1300.0,95000.00,'2024-03-29','2039-03-29'),(51042,22042,50042,2744.0,218333.33,'2019-06-25','2034-06-25'),(51043,22043,50043,1200.0,113333.33,'2024-09-04','2039-09-04'),(51044,22044,50044,3700.0,281666.67,'2024-08-24','2039-08-24'),(51045,22045,50045,1532.0,126666.67,'2024-06-11','2039-06-11'),(51046,22046,50046,2500.0,309166.67,'2024-11-23','2039-11-23'),(51047,22047,50047,2200.0,385833.33,'2024-02-29','2039-02-28'),(51048,22048,50048,720.0,71666.67,'2020-11-26','2035-11-26'),(51049,22049,50049,780.0,86666.67,'2024-03-26','2039-03-26'),(51050,22050,50050,1912.0,386666.67,'2023-06-11','2038-06-11'),(51051,22051,50051,1300.0,81666.67,'2024-09-07','2039-09-07'),(51052,22052,50052,1715.0,115833.33,'2024-11-30','2039-11-30'),(51053,22053,50053,2210.0,429166.67,'2019-10-06','2034-10-06'),(51054,22054,50054,1140.0,156666.67,'2019-02-16','2034-02-16'),(51055,22055,50055,1290.0,85833.33,'2023-06-23','2038-06-23'),(51056,22056,50056,1055.0,155000.00,'2024-06-15','2039-06-15'),(51057,22057,50057,1295.0,155833.33,'2020-10-31','2035-10-31'),(51058,22058,50058,646.0,145833.33,'2023-03-26','2038-03-26'),(51059,22059,50059,1400.0,210000.00,'2023-09-26','2038-09-26'),(51060,22060,50060,1480.0,138333.33,'2020-07-03','2035-07-03'),(51061,22061,50061,1950.0,261666.67,'2024-02-13','2039-02-13'),(51062,22062,50062,3360.0,834166.67,'2019-09-13','2034-09-13'),(51063,22063,50063,1500.0,163333.33,'2019-01-18','2034-01-18'),(51064,22064,50064,1600.0,239166.67,'2021-11-20','2036-11-20'),(51065,22065,50065,1700.0,300000.00,'2022-01-17','2037-01-17'),(51066,22066,50066,1650.0,120000.00,'2023-09-02','2038-09-02'),(51067,22067,50067,2000.0,273333.33,'2024-02-19','2039-02-19'),(51068,22068,50068,1277.0,151666.67,'2021-06-05','2036-06-05'),(51069,22069,50069,2250.0,119166.67,'2023-09-26','2038-09-26'),(51070,22070,50070,2542.0,171666.67,'2022-08-04','2037-08-04'),(51072,22072,50072,726.0,90833.33,'2019-02-05','2034-02-05'),(51073,22073,50073,1610.0,145833.33,'2022-10-01','2037-10-01'),(51074,22074,50074,1405.0,196666.67,'2024-11-24','2039-11-24'),(51075,22075,50075,1897.0,239166.67,'2019-11-25','2034-11-25'),(51076,22076,50076,1496.0,145000.00,'2020-02-08','2035-02-08'),(51078,22078,50078,1699.0,101666.67,'2020-05-04','2035-05-04'),(51079,22079,50079,1200.0,110833.33,'2020-07-17','2035-07-17'),(51080,22080,50080,1800.0,183333.33,'2021-10-29','2036-10-29'),(51081,22081,50081,2400.0,357500.00,'2024-07-27','2039-07-27'),(51082,22082,50082,1855.0,342500.00,'2019-06-09','2034-06-09'),(51083,22083,50083,800.0,105000.00,'2023-11-16','2038-11-16'),(51084,22084,50084,2725.0,313333.33,'2023-12-10','2038-12-10'),(51085,22085,50085,2239.0,300000.00,'2023-07-01','2038-07-01'),(51086,22086,50086,1282.0,90833.33,'2023-12-17','2038-12-17'),(51087,22087,50087,1550.0,165000.00,'2023-05-01','2038-05-01'),(51088,22088,50088,1377.0,145833.33,'2024-06-12','2039-06-12'),(51089,22089,50089,3000.0,381666.67,'2022-11-05','2037-11-05'),(51090,22090,50090,1700.0,294166.67,'2022-05-16','2037-05-16'),(51091,22091,50091,1105.0,143333.33,'2023-09-25','2038-09-25'),(51092,22092,50092,1750.0,173333.33,'2021-01-01','2036-01-01'),(51093,22093,50093,1600.0,190000.00,'2023-09-17','2038-09-17'),(51094,22094,50094,1980.0,526666.67,'2023-11-11','2038-11-11'),(51095,22095,50095,2650.0,539166.67,'2020-03-02','2035-03-02'),(51096,22096,50096,1500.0,166666.67,'2021-08-13','2036-08-13'),(51097,22097,50097,2323.0,273333.33,'2021-08-27','2036-08-27'),(51098,22098,50098,1650.0,103333.33,'2024-11-19','2039-11-19'),(51100,22100,50100,926.0,300000.00,'2023-08-16','2038-08-16'),(51101,22101,50101,1250.0,180000.00,'2023-07-03','2038-07-03'),(51102,22102,50102,1800.0,184166.67,'2019-08-01','2034-08-01'),(51103,22103,50103,1100.0,115833.33,'2022-06-04','2037-06-04'),(51104,22104,50104,1219.0,244166.67,'2021-08-07','2036-08-07'),(51105,22105,50105,1250.0,183333.33,'2019-05-09','2034-05-09');
/*!40000 ALTER TABLE `lease_agreements` ENABLE KEYS */;
UNLOCK TABLES;

--
-- Table structure for table `maintenance_expenses`
--

DROP TABLE IF EXISTS `maintenance_expenses`;
/*!40101 SET @saved_cs_client     = @@character_set_client */;
/*!50503 SET character_set_client = utf8mb4 */;
CREATE TABLE `maintenance_expenses` (
  `expense_id` int NOT NULL,
  `property_id` int NOT NULL,
  `amount` decimal(15,2) NOT NULL,
  PRIMARY KEY (`expense_id`),
  KEY `idx_expenses_property` (`property_id`),
  CONSTRAINT `fk_expenses_property` FOREIGN KEY (`property_id`) REFERENCES `properties` (`property_id`) ON DELETE RESTRICT ON UPDATE CASCADE,
  CONSTRAINT `chk_expenses_amount` CHECK ((`amount` > 0))
) ENGINE=InnoDB DEFAULT CHARSET=utf8mb4 COLLATE=utf8mb4_0900_ai_ci;
/*!40101 SET character_set_client = @saved_cs_client */;

--
-- Dumping data for table `maintenance_expenses`
--

LOCK TABLES `maintenance_expenses` WRITE;
/*!40000 ALTER TABLE `maintenance_expenses` DISABLE KEYS */;
INSERT INTO `maintenance_expenses` VALUES (31001,22001,144000.00),(31002,22002,36000.00),(31003,22003,456000.00),(31004,22004,102000.00),(31005,22005,96000.00),(31006,22006,96000.00),(31007,22007,216000.00),(31008,22008,396000.00),(31009,22009,112800.00),(31010,22010,96000.00),(31011,22011,264000.00),(31012,22012,72000.00),(31013,22013,132000.00),(31014,22014,108000.00),(31015,22015,60000.00),(31016,22016,90000.00),(31017,22017,132000.00),(31018,22018,384000.00),(31019,22019,132000.00),(31020,22020,60000.00),(31021,22021,384000.00),(31022,22022,84000.00),(31023,22023,264000.00),(31024,22024,30000.00),(31025,22025,240000.00),(31026,22026,90000.00),(31027,22027,180000.00),(31028,22028,96000.00),(31029,22029,42000.00),(31030,22030,96000.00),(31031,22031,108000.00),(31032,22032,132000.00),(31033,22033,60000.00),(31034,22034,90000.00),(31035,22035,78000.00),(31036,22036,60000.00),(31037,22037,22800.00),(31038,22038,114000.00),(31039,22039,72000.00),(31040,22040,50076.00),(31041,22041,73200.00),(31042,22042,144000.00),(31043,22043,78000.00),(31044,22044,168000.00),(31045,22045,114000.00),(31046,22046,240000.00),(31047,22047,180000.00),(31048,22048,60000.00),(31049,22049,38400.00),(31050,22050,456000.00),(31051,22051,96000.00),(31052,22052,120000.00),(31053,22053,192000.00),(31054,22054,96000.00),(31055,22055,102000.00),(31056,22056,60000.00),(31057,22057,144000.00),(31058,22058,132000.00),(31059,22059,180000.00),(31060,22060,96000.00),(31061,22061,38400.00),(31062,22062,120000.00),(31063,22063,144000.00),(31064,22064,216000.00),(31065,22065,240000.00),(31066,22066,42000.00),(31067,22067,360000.00),(31068,22068,84000.00),(31069,22069,72000.00),(31070,22070,132000.00),(31072,22072,84000.00),(31073,22073,42000.00),(31074,22074,84000.00),(31075,22075,216000.00),(31076,22076,96000.00),(31078,22078,120000.00),(31079,22079,108000.00),(31080,22080,72000.00),(31081,22081,300000.00),(31082,22082,240000.00),(31083,22083,36000.00),(31084,22084,192000.00),(31085,22085,240000.00),(31086,22086,84000.00),(31087,22087,90000.00),(31088,22088,150000.00),(31089,22089,228000.00),(31090,22090,216000.00),(31091,22091,72000.00),(31092,22092,60000.00),(31093,22093,108000.00),(31094,22094,384000.00),(31095,22095,168000.00),(31096,22096,120000.00),(31097,22097,360000.00),(31098,22098,84000.00),(31100,22100,240000.00),(31101,22101,96000.00),(31102,22102,120000.00),(31103,22103,84000.00),(31104,22104,600000.00),(31105,22105,108000.00);
/*!40000 ALTER TABLE `maintenance_expenses` ENABLE KEYS */;
UNLOCK TABLES;

--
-- Table structure for table `properties`
--

DROP TABLE IF EXISTS `properties`;
/*!40101 SET @saved_cs_client     = @@character_set_client */;
/*!50503 SET character_set_client = utf8mb4 */;
CREATE TABLE `properties` (
  `property_id` int NOT NULL,
  `developer_id` int NOT NULL,
  `property_name` varchar(200) NOT NULL,
  `property_type` enum('Residential','Commercial') NOT NULL,
  `city` varchar(100) NOT NULL,
  `state` varchar(100) NOT NULL DEFAULT 'Maharashtra',
  `total_area_sqft` decimal(12,2) NOT NULL,
  `total_shares_issued` int NOT NULL,
  `available_shares` int NOT NULL,
  `current_share_price` decimal(12,2) NOT NULL,
  PRIMARY KEY (`property_id`),
  KEY `idx_properties_developer` (`developer_id`),
  CONSTRAINT `fk_properties_developer` FOREIGN KEY (`developer_id`) REFERENCES `developers` (`developer_id`) ON DELETE RESTRICT ON UPDATE CASCADE,
  CONSTRAINT `chk_properties_area` CHECK ((`total_area_sqft` > 0)),
  CONSTRAINT `chk_properties_avail` CHECK ((`available_shares` >= 0)),
  CONSTRAINT `chk_properties_avail_max` CHECK ((`available_shares` <= `total_shares_issued`)),
  CONSTRAINT `chk_properties_price` CHECK ((`current_share_price` > 0)),
  CONSTRAINT `chk_properties_shares` CHECK ((`total_shares_issued` > 0))
) ENGINE=InnoDB DEFAULT CHARSET=utf8mb4 COLLATE=utf8mb4_0900_ai_ci;
/*!40101 SET character_set_client = @saved_cs_client */;

--
-- Dumping data for table `properties`
--

LOCK TABLES `properties` WRITE;
/*!40000 ALTER TABLE `properties` DISABLE KEYS */;
INSERT INTO `properties` VALUES (22001,20001,'Piramal Vaikunth','Residential','Thane','Maharashtra',3520.00,2000,1193,31050.00),(22002,20002,'Tirupati Tower','Commercial','Mumbai','Maharashtra',1200.00,50000,29970,560.00),(22003,20003,'Nathani Heights','Residential','Mumbai','Maharashtra',3600.00,2000,1200,42450.00),(22004,20004,'Right Grishma Heights','Residential','Mumbai','Maharashtra',1482.00,50000,30000,510.00),(22005,20005,'Sigma Emerald','Residential','Mumbai','Maharashtra',900.00,50000,30000,570.00),(22006,20006,'Arkade Prime','Commercial','Mumbai','Maharashtra',1272.00,50000,30000,420.00),(22007,20007,'Adani Western Heights','Commercial','Mumbai','Maharashtra',2000.00,10000,6000,4700.00),(22008,20008,'Windsor Grande Residences','Commercial','Mumbai','Maharashtra',4300.00,2000,1200,55000.00),(22009,20009,'Buildarch Residency','Commercial','Mumbai','Maharashtra',800.00,10000,6000,3200.00),(22010,20010,'Godrej Edenwoods ','Residential','Thane','Maharashtra',2917.00,50000,30000,550.00),(22011,20011,'Lodha Fiorenza','Residential','Mumbai','Maharashtra',3195.00,2000,1200,40000.00),(22012,20012,'Raheja Ridgewood','Commercial','Mumbai','Maharashtra',1330.00,50000,30000,570.00),(22013,20013,'Kanakia Rainforest','Residential','Mumbai','Maharashtra',1600.00,10000,6000,4000.00),(22014,20014,'Kalpataru  Imperia','Commercial','Mumbai','Maharashtra',1647.00,10000,6000,5300.00),(22015,20015,'Lashkaria Green Height','Commercial','Mumbai','Maharashtra',2000.00,50000,30000,590.00),(22016,20016,'Wadhwa Pristine','Residential','Mumbai','Maharashtra',650.00,50000,30000,520.00),(22017,20017,'Disha Sat Anupa CHS','Residential','Mumbai','Maharashtra',1600.00,2000,1200,32500.00),(22018,20018,'Omkar Alta Monte','Commercial','Mumbai','Maharashtra',4846.00,2000,1200,43750.00),(22019,20017,'Disha Sat Anupa CHS','Commercial','Mumbai','Maharashtra',1472.00,2000,1200,29950.00),(22020,20019,'Resort View Apartment','Residential','Mumbai','Maharashtra',1400.00,50000,30000,530.00),(22021,20018,'Omkar Alta Monte','Residential','Mumbai','Maharashtra',2050.00,10000,6000,4500.00),(22022,20011,'Lodha Bel Air','Residential','Mumbai','Maharashtra',820.00,50000,30000,450.00),(22023,20011,'Lodha Fiorenza','Commercial','Mumbai','Maharashtra',1650.00,10000,6000,3750.00),(22024,20020,'UK Sangfroid','Residential','Mumbai','Maharashtra',1580.00,50000,30000,581.03),(22025,20001,'Piramal Mahalaxmi','Residential','Mumbai','Maharashtra',1041.00,10000,6000,3989.94),(22026,20021,'Lakshchandi Height','Residential','Mumbai','Maharashtra',1450.00,50000,30000,500.00),(22027,20022,'Aquila at Sarova','Residential','Mumbai','Maharashtra',1077.00,10000,6000,3200.00),(22028,20023,'Siddhivinayak Horizon','Residential','Mumbai','Maharashtra',1300.00,2000,1200,30000.00),(22029,20024,'Pramukh Heights','Commercial','Mumbai','Maharashtra',1500.00,50000,30000,520.00),(22030,20025,'Garden Estate','Commercial','Mumbai','Maharashtra',1050.00,50000,30000,440.00),(22031,20026,'Sierra Towers','Residential','Mumbai','Maharashtra',1261.00,50000,30000,460.00),(22032,20027,'Northern Hills','Commercial','Mumbai','Maharashtra',1510.00,50000,30000,490.00),(22033,20011,'Lodha Sterling','Residential','Thane','Maharashtra',1500.00,50000,30000,580.00),(22034,20028,'Shagun Tower','Residential','Mumbai','Maharashtra',1100.00,50000,30000,530.00),(22035,20029,'Sunteck City 4th Avenue','Residential','Mumbai','Maharashtra',1064.00,50000,30000,406.00),(22036,20030,'The Baya Park','Commercial','Mumbai','Maharashtra',730.00,10000,6000,3150.00),(22037,20031,'Woodlands Apartment','Commercial','Mumbai','Maharashtra',2600.00,2000,1200,29500.00),(22038,20032,'One Marina','Residential','Mumbai','Maharashtra',1645.00,10000,6000,5500.00),(22039,20033,'Raheja Residency','Residential','Mumbai','Maharashtra',1105.00,50000,30000,424.00),(22040,20034,'Vastu Siddhi','Residential','Mumbai','Maharashtra',915.00,50000,30000,440.00),(22041,20035,'Neelkanth Palms','Residential','Thane','Maharashtra',1300.00,50000,30000,410.00),(22042,20036,'Immensa by Kalpataru','Commercial','Thane','Maharashtra',2744.00,10000,6000,3330.00),(22043,20037,'The Peak','Residential','Mumbai','Maharashtra',1200.00,50000,30000,470.00),(22044,20038,'Rag Megh Malhar','Residential','Mumbai','Maharashtra',3700.00,2000,1200,32500.00),(22045,20039,'Park Royale','Residential','Mumbai','Maharashtra',1532.00,50000,30000,520.00),(22046,20040,'Island City Center One ICC','Residential','Mumbai','Maharashtra',2500.00,2000,1200,44450.00),(22047,20041,'Silver Dunes','Commercial','Mumbai','Maharashtra',2200.00,2000,1200,36250.00),(22048,20042,'Skyluxe','Residential','Mumbai','Maharashtra',720.00,50000,30000,420.00),(22049,20043,'Platinum Pristine','Residential','Mumbai','Maharashtra',780.00,50000,30000,446.00),(22050,20003,'Nathani Heights','Residential','Mumbai','Maharashtra',1912.00,2000,1200,35000.00),(22051,20013,'Kanakia Sevens','Residential','Mumbai','Maharashtra',1300.00,50000,30000,430.00),(22052,20044,'Tata Serein','Residential','Thane','Maharashtra',1715.00,50000,30000,590.00),(22053,20045,'Kolte Patil K52','Residential','Mumbai','Maharashtra',2210.00,2000,1200,56500.00),(22054,20038,'Rustomjee Central Park','Commercial','Mumbai','Maharashtra',1140.00,50000,30000,530.00),(22055,20046,'JP Decks Blue','Residential','Mumbai','Maharashtra',1290.00,50000,30000,480.00),(22056,20047,'Blue Gardina','Commercial','Mumbai','Maharashtra',1055.00,50000,30000,490.00),(22057,20048,'Oberoi Springs','Residential','Mumbai','Maharashtra',1295.00,10000,6000,4500.00),(22058,20013,'Kanakia Rainforest','Commercial','Mumbai','Maharashtra',646.00,50000,30000,420.00),(22059,20049,'MS H2O','Residential','Mumbai','Maharashtra',1400.00,10000,6000,4550.00),(22060,20050,'Titanium Towers','Residential','Mumbai','Maharashtra',1480.00,10000,6000,4140.00),(22061,20051,'Raheja Gardens','Commercial','Thane','Maharashtra',1950.00,10000,6000,4110.00),(22062,20052,'Rose Queen','Commercial','Mumbai','Maharashtra',3360.00,2000,1200,67500.00),(22063,20053,'The Gateway','Residential','Mumbai','Maharashtra',1500.00,10000,6000,3600.00),(22064,20007,'Adani Western Heights','Commercial','Mumbai','Maharashtra',1600.00,2000,1200,34500.00),(22065,20054,'Sheth Beaumonte','Commercial','Mumbai','Maharashtra',1700.00,2000,1200,29250.00),(22066,20011,'Lodha Woods','Residential','Mumbai','Maharashtra',1650.00,10000,6000,3060.00),(22067,20055,'The Palette','Residential','Mumbai','Maharashtra',2000.00,2000,1200,38700.00),(22068,20056,'Hiranandani Castalia','Commercial','Mumbai','Maharashtra',1277.00,50000,30000,469.98),(22069,20057,'Lok Upvan','Residential','Thane','Maharashtra',2250.00,50000,30000,546.00),(22070,20029,'Signia High','Residential','Mumbai','Maharashtra',2542.00,10000,6000,5000.00),(22072,20036,'Kalpataru Bliss','Residential','Mumbai','Maharashtra',726.00,50000,30000,468.00),(22073,20059,'Runwal Elina','Commercial','Mumbai','Maharashtra',1610.00,50000,30000,470.00),(22074,20060,'Oakland Park','Commercial','Mumbai','Maharashtra',1405.00,10000,6000,3240.00),(22075,20007,'Adani Western Heights','Residential','Mumbai','Maharashtra',1897.00,2000,1200,32750.00),(22076,20006,'ARKADE Aspire','Commercial','Mumbai','Maharashtra',1496.00,50000,30000,499.80),(22078,20062,'Hillcrest','Residential','Mumbai','Maharashtra',1699.00,50000,30000,450.00),(22079,20063,'Romell Aether','Residential','Mumbai','Maharashtra',1200.00,50000,30000,520.00),(22080,20064,'Applaud 38','Commercial','Mumbai','Maharashtra',1800.00,10000,6000,3150.00),(22081,20065,'RA Residences','Residential','Mumbai','Maharashtra',2400.00,2000,1200,42550.00),(22082,20066,'Darsshan Ricco','Commercial','Mumbai','Maharashtra',1855.00,2000,1200,30000.00),(22083,20067,'Ruparel Iris','Residential','Mumbai','Maharashtra',800.00,50000,30000,598.00),(22084,20040,'Island City Center','Commercial','Mumbai','Maharashtra',2725.00,2000,1200,31000.00),(22085,20054,'Sheth Beaumonte','Residential','Mumbai','Maharashtra',2239.00,2000,1200,28250.00),(22086,20036,'Kalpataru Bliss','Commercial','Mumbai','Maharashtra',1282.00,50000,30000,600.00),(22087,20068,'Gundecha Trillium','Residential','Mumbai','Maharashtra',1550.00,10000,6000,3400.00),(22088,20048,'Oberoi Splendor','Residential','Mumbai','Maharashtra',1377.00,10000,6000,3900.00),(22089,20069,'Sundervan Complex','Residential','Mumbai','Maharashtra',3000.00,2000,1200,47500.00),(22090,20018,'Omkar Woodside','Residential','Mumbai','Maharashtra',1700.00,2000,1200,32000.00),(22091,20070,'Naman Habitat','Residential','Mumbai','Maharashtra',1105.00,10000,6000,3850.00),(22092,20015,'Lashkaria Green Height','Residential','Mumbai','Maharashtra',1750.00,50000,30000,600.00),(22093,20071,'Gurnani Palms','Commercial','Mumbai','Maharashtra',1600.00,10000,6000,3600.00),(22094,20018,'Omkar Alta Monte','Residential','Mumbai','Maharashtra',1980.00,10000,6000,3500.50),(22095,20072,'Gold Finch Apartment','Commercial','Mumbai','Maharashtra',2650.00,2000,1200,42500.00),(22096,20073,'White City','Residential','Mumbai','Maharashtra',1500.00,10000,6000,3800.00),(22097,20055,'The Palette','Residential','Mumbai','Maharashtra',2323.00,2000,1200,45250.00),(22098,20074,'Viraj Heights','Residential','Thane','Maharashtra',1650.00,50000,30000,489.18),(22100,20054,'Sheth Beaumonte','Commercial','Mumbai','Maharashtra',926.00,10000,6000,4710.00),(22101,20075,'Dudhwala Aqua Pearl ','Commercial','Mumbai','Maharashtra',1250.00,10000,6000,3250.00),(22102,20076,'Hubtown Premiere Residences','Commercial','Mumbai','Maharashtra',1800.00,10000,6000,3550.00),(22103,20077,'Mahindra Roots','Commercial','Mumbai','Maharashtra',1100.00,50000,30000,430.00),(22104,20078,'Eon One','Residential','Mumbai','Maharashtra',1219.00,2000,1200,30150.00),(22105,20079,'Evershine Madhuvan','Residential','Mumbai','Maharashtra',1250.00,10000,6000,3900.00);
/*!40000 ALTER TABLE `properties` ENABLE KEYS */;
UNLOCK TABLES;

--
-- Temporary view structure for view `property_marketplace_view`
--

DROP TABLE IF EXISTS `property_marketplace_view`;
/*!50001 DROP VIEW IF EXISTS `property_marketplace_view`*/;
SET @saved_cs_client     = @@character_set_client;
/*!50503 SET character_set_client = utf8mb4 */;
/*!50001 CREATE VIEW `property_marketplace_view` AS SELECT 
 1 AS `property_id`,
 1 AS `developer_id`,
 1 AS `developer_name`,
 1 AS `property_name`,
 1 AS `property_type`,
 1 AS `city`,
 1 AS `state`,
 1 AS `total_area_sqft`,
 1 AS `total_shares_issued`,
 1 AS `available_shares`,
 1 AS `current_share_price`*/;
SET character_set_client = @saved_cs_client;

--
-- Table structure for table `revenue_records`
--

DROP TABLE IF EXISTS `revenue_records`;
/*!40101 SET @saved_cs_client     = @@character_set_client */;
/*!50503 SET character_set_client = utf8mb4 */;
CREATE TABLE `revenue_records` (
  `revenue_id` int NOT NULL,
  `property_id` int NOT NULL,
  `lease_id` int NOT NULL,
  `revenue_month` date NOT NULL,
  `amount_collected` decimal(15,2) NOT NULL,
  `payment_status` enum('paid','pending','overdue') DEFAULT 'pending',
  PRIMARY KEY (`revenue_id`),
  KEY `property_id` (`property_id`),
  KEY `lease_id` (`lease_id`),
  CONSTRAINT `revenue_records_ibfk_1` FOREIGN KEY (`property_id`) REFERENCES `properties` (`property_id`) ON DELETE CASCADE,
  CONSTRAINT `revenue_records_ibfk_2` FOREIGN KEY (`lease_id`) REFERENCES `lease_agreements` (`lease_id`) ON DELETE CASCADE
) ENGINE=InnoDB DEFAULT CHARSET=utf8mb4 COLLATE=utf8mb4_0900_ai_ci;
/*!40101 SET character_set_client = @saved_cs_client */;

--
-- Dumping data for table `revenue_records`
--

LOCK TABLES `revenue_records` WRITE;
/*!40000 ALTER TABLE `revenue_records` DISABLE KEYS */;
INSERT INTO `revenue_records` VALUES (32001,22001,51001,'2019-01-07',245833.33,'paid'),(32002,22001,51001,'2020-01-07',245833.33,'paid'),(32003,22001,51001,'2021-01-07',245833.33,'paid'),(32004,22001,51001,'2022-01-07',245833.33,'paid'),(32005,22001,51001,'2023-01-07',245833.33,'paid'),(32006,22001,51001,'2024-01-07',245833.33,'paid'),(32007,22001,51001,'2025-01-07',245833.33,'paid'),(32008,22002,51002,'2024-01-07',184166.67,'paid'),(32009,22002,51002,'2025-01-07',184166.67,'paid'),(32010,22003,51003,'2024-01-09',386666.67,'paid'),(32011,22003,51003,'2025-01-09',386666.67,'paid'),(32012,22004,51004,'2024-01-06',110833.33,'paid'),(32013,22004,51004,'2025-01-06',110833.33,'paid'),(32014,22005,51005,'2024-01-09',102500.00,'paid'),(32015,22005,51005,'2025-01-09',102500.00,'paid'),(32016,22006,51006,'2023-01-12',110833.33,'paid'),(32017,22006,51006,'2024-01-12',110833.33,'paid'),(32018,22006,51006,'2025-01-12',110833.33,'paid'),(32019,22007,51007,'2019-01-02',239166.67,'paid'),(32020,22007,51007,'2020-01-02',239166.67,'paid'),(32021,22007,51007,'2021-01-02',239166.67,'paid'),(32022,22007,51007,'2022-01-02',239166.67,'paid'),(32023,22007,51007,'2023-01-02',239166.67,'paid'),(32024,22007,51007,'2024-01-02',239166.67,'paid'),(32025,22007,51007,'2025-01-02',239166.67,'paid'),(32026,22007,51007,'2026-01-02',239166.67,'paid'),(32027,22008,51008,'2019-01-10',709166.67,'paid'),(32028,22008,51008,'2020-01-10',709166.67,'paid'),(32029,22008,51008,'2021-01-10',709166.67,'paid'),(32030,22008,51008,'2022-01-10',709166.67,'paid'),(32031,22008,51008,'2023-01-10',709166.67,'paid'),(32032,22008,51008,'2024-01-10',709166.67,'paid'),(32033,22008,51008,'2025-01-10',709166.67,'paid'),(32034,22009,51009,'2021-01-02',197500.00,'paid'),(32035,22009,51009,'2022-01-02',197500.00,'paid'),(32036,22009,51009,'2023-01-02',197500.00,'paid'),(32037,22009,51009,'2024-01-02',197500.00,'paid'),(32038,22009,51009,'2025-01-02',197500.00,'paid'),(32039,22009,51009,'2026-01-02',197500.00,'paid'),(32040,22010,51010,'2019-01-11',92500.00,'paid'),(32041,22010,51010,'2020-01-11',92500.00,'paid'),(32042,22010,51010,'2021-01-11',92500.00,'paid'),(32043,22010,51010,'2022-01-11',92500.00,'paid'),(32044,22010,51010,'2023-01-11',92500.00,'paid'),(32045,22010,51010,'2024-01-11',92500.00,'paid'),(32046,22010,51010,'2025-01-11',92500.00,'paid'),(32047,22011,51011,'2024-01-04',377500.00,'paid'),(32048,22011,51011,'2025-01-04',377500.00,'paid'),(32049,22011,51011,'2026-01-04',377500.00,'paid'),(32050,22012,51012,'2021-01-05',152500.00,'paid'),(32051,22012,51012,'2022-01-05',152500.00,'paid'),(32052,22012,51012,'2023-01-05',152500.00,'paid'),(32053,22012,51012,'2024-01-05',152500.00,'paid'),(32054,22012,51012,'2025-01-05',152500.00,'paid'),(32055,22013,51013,'2019-01-12',145833.33,'paid'),(32056,22013,51013,'2020-01-12',145833.33,'paid'),(32057,22013,51013,'2021-01-12',145833.33,'paid'),(32058,22013,51013,'2022-01-12',145833.33,'paid'),(32059,22013,51013,'2023-01-12',145833.33,'paid'),(32060,22013,51013,'2024-01-12',145833.33,'paid'),(32061,22013,51013,'2025-01-12',145833.33,'paid'),(32062,22014,51014,'2022-01-03',291666.67,'paid'),(32063,22014,51014,'2023-01-03',291666.67,'paid'),(32064,22014,51014,'2024-01-03',291666.67,'paid'),(32065,22014,51014,'2025-01-03',291666.67,'paid'),(32066,22014,51014,'2026-01-03',291666.67,'paid'),(32067,22015,51015,'2019-01-01',173333.33,'paid'),(32068,22015,51015,'2020-01-01',173333.33,'paid'),(32069,22015,51015,'2021-01-01',173333.33,'paid'),(32070,22015,51015,'2022-01-01',173333.33,'paid'),(32071,22015,51015,'2023-01-01',173333.33,'paid'),(32072,22015,51015,'2024-01-01',173333.33,'paid'),(32073,22015,51015,'2025-01-01',173333.33,'paid'),(32074,22015,51015,'2026-01-01',173333.33,'paid'),(32075,22016,51016,'2019-01-06',105000.00,'paid'),(32076,22016,51016,'2020-01-06',105000.00,'paid'),(32077,22016,51016,'2021-01-06',105000.00,'paid'),(32078,22016,51016,'2022-01-06',105000.00,'paid'),(32079,22016,51016,'2023-01-06',105000.00,'paid'),(32080,22016,51016,'2024-01-06',105000.00,'paid'),(32081,22016,51016,'2025-01-06',105000.00,'paid'),(32082,22017,51017,'2023-01-10',248333.33,'paid'),(32083,22017,51017,'2024-01-10',248333.33,'paid'),(32084,22017,51017,'2025-01-10',248333.33,'paid'),(32085,22018,51018,'2024-01-04',526666.67,'paid'),(32086,22018,51018,'2025-01-04',526666.67,'paid'),(32087,22018,51018,'2026-01-04',526666.67,'paid'),(32088,22019,51019,'2021-01-12',248333.33,'paid'),(32089,22019,51019,'2022-01-12',248333.33,'paid'),(32090,22019,51019,'2023-01-12',248333.33,'paid'),(32091,22019,51019,'2024-01-12',248333.33,'paid'),(32092,22019,51019,'2025-01-12',248333.33,'paid'),(32093,22020,51020,'2021-01-04',100833.33,'paid'),(32094,22020,51020,'2022-01-04',100833.33,'paid'),(32095,22020,51020,'2023-01-04',100833.33,'paid'),(32096,22020,51020,'2024-01-04',100833.33,'paid'),(32097,22020,51020,'2025-01-04',100833.33,'paid'),(32098,22020,51020,'2026-01-04',100833.33,'paid'),(32099,22021,51021,'2023-01-02',526666.67,'paid'),(32100,22021,51021,'2024-01-02',526666.67,'paid'),(32101,22021,51021,'2025-01-02',526666.67,'paid'),(32102,22021,51021,'2026-01-02',526666.67,'paid'),(32103,22022,51022,'2023-01-03',82500.00,'paid'),(32104,22022,51022,'2024-01-03',82500.00,'paid'),(32105,22022,51022,'2025-01-03',82500.00,'paid'),(32106,22022,51022,'2026-01-03',82500.00,'paid'),(32107,22023,51023,'2019-01-07',377500.00,'paid'),(32108,22023,51023,'2020-01-07',377500.00,'paid'),(32109,22023,51023,'2021-01-07',377500.00,'paid'),(32110,22023,51023,'2022-01-07',377500.00,'paid'),(32111,22023,51023,'2023-01-07',377500.00,'paid'),(32112,22023,51023,'2024-01-07',377500.00,'paid'),(32113,22023,51023,'2025-01-07',377500.00,'paid'),(32114,22024,51024,'2020-01-05',125833.33,'paid'),(32115,22024,51024,'2021-01-05',125833.33,'paid'),(32116,22024,51024,'2022-01-05',125833.33,'paid'),(32117,22024,51024,'2023-01-05',125833.33,'paid'),(32118,22024,51024,'2024-01-05',125833.33,'paid'),(32119,22024,51024,'2025-01-05',125833.33,'paid'),(32120,22025,51025,'2022-01-05',135833.33,'paid'),(32121,22025,51025,'2023-01-05',135833.33,'paid'),(32122,22025,51025,'2024-01-05',135833.33,'paid'),(32123,22025,51025,'2025-01-05',135833.33,'paid'),(32124,22026,51026,'2019-01-10',85833.33,'paid'),(32125,22026,51026,'2020-01-10',85833.33,'paid'),(32126,22026,51026,'2021-01-10',85833.33,'paid'),(32127,22026,51026,'2022-01-10',85833.33,'paid'),(32128,22026,51026,'2023-01-10',85833.33,'paid'),(32129,22026,51026,'2024-01-10',85833.33,'paid'),(32130,22026,51026,'2025-01-10',85833.33,'paid'),(32131,22027,51027,'2022-01-03',157500.00,'paid'),(32132,22027,51027,'2023-01-03',157500.00,'paid'),(32133,22027,51027,'2024-01-03',157500.00,'paid'),(32134,22027,51027,'2025-01-03',157500.00,'paid'),(32135,22027,51027,'2026-01-03',157500.00,'paid'),(32136,22028,51028,'2023-01-10',280833.33,'paid'),(32137,22028,51028,'2024-01-10',280833.33,'paid'),(32138,22028,51028,'2025-01-10',280833.33,'paid'),(32139,22029,51029,'2022-01-07',143333.33,'paid'),(32140,22029,51029,'2023-01-07',143333.33,'paid'),(32141,22029,51029,'2024-01-07',143333.33,'paid'),(32142,22029,51029,'2025-01-07',143333.33,'paid'),(32143,22030,51030,'2020-01-04',113333.33,'paid'),(32144,22030,51030,'2021-01-04',113333.33,'paid'),(32145,22030,51030,'2022-01-04',113333.33,'paid'),(32146,22030,51030,'2023-01-04',113333.33,'paid'),(32147,22030,51030,'2024-01-04',113333.33,'paid'),(32148,22030,51030,'2025-01-04',113333.33,'paid'),(32149,22030,51030,'2026-01-04',113333.33,'paid'),(32150,22031,51031,'2022-01-08',102500.00,'paid'),(32151,22031,51031,'2023-01-08',102500.00,'paid'),(32152,22031,51031,'2024-01-08',102500.00,'paid'),(32153,22031,51031,'2025-01-08',102500.00,'paid'),(32154,22032,51032,'2020-01-03',140833.33,'paid'),(32155,22032,51032,'2021-01-03',140833.33,'paid'),(32156,22032,51032,'2022-01-03',140833.33,'paid'),(32157,22032,51032,'2023-01-03',140833.33,'paid'),(32158,22032,51032,'2024-01-03',140833.33,'paid'),(32159,22032,51032,'2025-01-03',140833.33,'paid'),(32160,22032,51032,'2026-01-03',140833.33,'paid'),(32161,22033,51033,'2024-01-05',102500.00,'paid'),(32162,22033,51033,'2025-01-05',102500.00,'paid'),(32163,22034,51034,'2019-01-07',110000.00,'paid'),(32164,22034,51034,'2020-01-07',110000.00,'paid'),(32165,22034,51034,'2021-01-07',110000.00,'paid'),(32166,22034,51034,'2022-01-07',110000.00,'paid'),(32167,22034,51034,'2023-01-07',110000.00,'paid'),(32168,22034,51034,'2024-01-07',110000.00,'paid'),(32169,22034,51034,'2025-01-07',110000.00,'paid'),(32170,22035,51035,'2020-01-09',69166.67,'paid'),(32171,22035,51035,'2021-01-09',69166.67,'paid'),(32172,22035,51035,'2022-01-09',69166.67,'paid'),(32173,22035,51035,'2023-01-09',69166.67,'paid'),(32174,22035,51035,'2024-01-09',69166.67,'paid'),(32175,22035,51035,'2025-01-09',69166.67,'paid'),(32176,22036,51036,'2024-01-10',205000.00,'paid'),(32177,22036,51036,'2025-01-10',205000.00,'paid'),(32178,22037,51037,'2023-01-05',360000.00,'paid'),(32179,22037,51037,'2024-01-05',360000.00,'paid'),(32180,22037,51037,'2025-01-05',360000.00,'paid'),(32181,22038,51038,'2020-01-09',211666.67,'paid'),(32182,22038,51038,'2021-01-09',211666.67,'paid'),(32183,22038,51038,'2022-01-09',211666.67,'paid'),(32184,22038,51038,'2023-01-09',211666.67,'paid'),(32185,22038,51038,'2024-01-09',211666.67,'paid'),(32186,22038,51038,'2025-01-09',211666.67,'paid'),(32187,22039,51039,'2019-01-04',90000.00,'paid'),(32188,22039,51039,'2020-01-04',90000.00,'paid'),(32189,22039,51039,'2021-01-04',90000.00,'paid'),(32190,22039,51039,'2022-01-04',90000.00,'paid'),(32191,22039,51039,'2023-01-04',90000.00,'paid'),(32192,22039,51039,'2024-01-04',90000.00,'paid'),(32193,22039,51039,'2025-01-04',90000.00,'paid'),(32194,22039,51039,'2026-01-04',90000.00,'paid'),(32195,22040,51040,'2023-01-11',109166.67,'paid'),(32196,22040,51040,'2024-01-11',109166.67,'paid'),(32197,22040,51040,'2025-01-11',109166.67,'paid'),(32198,22041,51041,'2024-01-03',95000.00,'paid'),(32199,22041,51041,'2025-01-03',95000.00,'paid'),(32200,22041,51041,'2026-01-03',95000.00,'paid'),(32201,22042,51042,'2019-01-06',218333.33,'paid'),(32202,22042,51042,'2020-01-06',218333.33,'paid'),(32203,22042,51042,'2021-01-06',218333.33,'paid'),(32204,22042,51042,'2022-01-06',218333.33,'paid'),(32205,22042,51042,'2023-01-06',218333.33,'paid'),(32206,22042,51042,'2024-01-06',218333.33,'paid'),(32207,22042,51042,'2025-01-06',218333.33,'paid'),(32208,22043,51043,'2024-01-09',113333.33,'paid'),(32209,22043,51043,'2025-01-09',113333.33,'paid'),(32210,22044,51044,'2024-01-08',281666.67,'paid'),(32211,22044,51044,'2025-01-08',281666.67,'paid'),(32212,22045,51045,'2024-01-06',126666.67,'paid'),(32213,22045,51045,'2025-01-06',126666.67,'paid'),(32214,22046,51046,'2024-01-11',309166.67,'paid'),(32215,22046,51046,'2025-01-11',309166.67,'paid'),(32216,22047,51047,'2024-01-02',385833.33,'paid'),(32217,22047,51047,'2025-01-02',385833.33,'paid'),(32218,22047,51047,'2026-01-02',385833.33,'paid'),(32219,22048,51048,'2020-01-11',71666.67,'paid'),(32220,22048,51048,'2021-01-11',71666.67,'paid'),(32221,22048,51048,'2022-01-11',71666.67,'paid'),(32222,22048,51048,'2023-01-11',71666.67,'paid'),(32223,22048,51048,'2024-01-11',71666.67,'paid'),(32224,22048,51048,'2025-01-11',71666.67,'paid'),(32225,22049,51049,'2024-01-03',86666.67,'paid'),(32226,22049,51049,'2025-01-03',86666.67,'paid'),(32227,22049,51049,'2026-01-03',86666.67,'paid'),(32228,22050,51050,'2023-01-06',386666.67,'paid'),(32229,22050,51050,'2024-01-06',386666.67,'paid'),(32230,22050,51050,'2025-01-06',386666.67,'paid'),(32231,22051,51051,'2024-01-09',81666.67,'paid'),(32232,22051,51051,'2025-01-09',81666.67,'paid'),(32233,22052,51052,'2024-01-11',115833.33,'paid'),(32234,22052,51052,'2025-01-11',115833.33,'paid'),(32235,22053,51053,'2019-01-10',429166.67,'paid'),(32236,22053,51053,'2020-01-10',429166.67,'paid'),(32237,22053,51053,'2021-01-10',429166.67,'paid'),(32238,22053,51053,'2022-01-10',429166.67,'paid'),(32239,22053,51053,'2023-01-10',429166.67,'paid'),(32240,22053,51053,'2024-01-10',429166.67,'paid'),(32241,22053,51053,'2025-01-10',429166.67,'paid'),(32242,22054,51054,'2019-01-02',156666.67,'paid'),(32243,22054,51054,'2020-01-02',156666.67,'paid'),(32244,22054,51054,'2021-01-02',156666.67,'paid'),(32245,22054,51054,'2022-01-02',156666.67,'paid'),(32246,22054,51054,'2023-01-02',156666.67,'paid'),(32247,22054,51054,'2024-01-02',156666.67,'paid'),(32248,22054,51054,'2025-01-02',156666.67,'paid'),(32249,22054,51054,'2026-01-02',156666.67,'paid'),(32250,22055,51055,'2023-01-06',85833.33,'paid'),(32251,22055,51055,'2024-01-06',85833.33,'paid'),(32252,22055,51055,'2025-01-06',85833.33,'paid'),(32253,22056,51056,'2024-01-06',155000.00,'paid'),(32254,22056,51056,'2025-01-06',155000.00,'paid'),(32255,22057,51057,'2020-01-10',155833.33,'paid'),(32256,22057,51057,'2021-01-10',155833.33,'paid'),(32257,22057,51057,'2022-01-10',155833.33,'paid'),(32258,22057,51057,'2023-01-10',155833.33,'paid'),(32259,22057,51057,'2024-01-10',155833.33,'paid'),(32260,22057,51057,'2025-01-10',155833.33,'paid'),(32261,22058,51058,'2023-01-03',145833.33,'paid'),(32262,22058,51058,'2024-01-03',145833.33,'paid'),(32263,22058,51058,'2025-01-03',145833.33,'paid'),(32264,22058,51058,'2026-01-03',145833.33,'paid'),(32265,22059,51059,'2023-01-09',210000.00,'paid'),(32266,22059,51059,'2024-01-09',210000.00,'paid'),(32267,22059,51059,'2025-01-09',210000.00,'paid'),(32268,22060,51060,'2020-01-07',138333.33,'paid'),(32269,22060,51060,'2021-01-07',138333.33,'paid'),(32270,22060,51060,'2022-01-07',138333.33,'paid'),(32271,22060,51060,'2023-01-07',138333.33,'paid'),(32272,22060,51060,'2024-01-07',138333.33,'paid'),(32273,22060,51060,'2025-01-07',138333.33,'paid'),(32274,22061,51061,'2024-01-02',261666.67,'paid'),(32275,22061,51061,'2025-01-02',261666.67,'paid'),(32276,22061,51061,'2026-01-02',261666.67,'paid'),(32277,22062,51062,'2019-01-09',834166.67,'paid'),(32278,22062,51062,'2020-01-09',834166.67,'paid'),(32279,22062,51062,'2021-01-09',834166.67,'paid'),(32280,22062,51062,'2022-01-09',834166.67,'paid'),(32281,22062,51062,'2023-01-09',834166.67,'paid'),(32282,22062,51062,'2024-01-09',834166.67,'paid'),(32283,22062,51062,'2025-01-09',834166.67,'paid'),(32284,22063,51063,'2019-01-01',163333.33,'paid'),(32285,22063,51063,'2020-01-01',163333.33,'paid'),(32286,22063,51063,'2021-01-01',163333.33,'paid'),(32287,22063,51063,'2022-01-01',163333.33,'paid'),(32288,22063,51063,'2023-01-01',163333.33,'paid'),(32289,22063,51063,'2024-01-01',163333.33,'paid'),(32290,22063,51063,'2025-01-01',163333.33,'paid'),(32291,22063,51063,'2026-01-01',163333.33,'paid'),(32292,22064,51064,'2021-01-11',239166.67,'paid'),(32293,22064,51064,'2022-01-11',239166.67,'paid'),(32294,22064,51064,'2023-01-11',239166.67,'paid'),(32295,22064,51064,'2024-01-11',239166.67,'paid'),(32296,22064,51064,'2025-01-11',239166.67,'paid'),(32297,22065,51065,'2022-01-01',300000.00,'paid'),(32298,22065,51065,'2023-01-01',300000.00,'paid'),(32299,22065,51065,'2024-01-01',300000.00,'paid'),(32300,22065,51065,'2025-01-01',300000.00,'paid'),(32301,22065,51065,'2026-01-01',300000.00,'paid'),(32302,22066,51066,'2023-01-09',120000.00,'paid'),(32303,22066,51066,'2024-01-09',120000.00,'paid'),(32304,22066,51066,'2025-01-09',120000.00,'paid'),(32305,22067,51067,'2024-01-02',273333.33,'paid'),(32306,22067,51067,'2025-01-02',273333.33,'paid'),(32307,22067,51067,'2026-01-02',273333.33,'paid'),(32308,22068,51068,'2021-01-06',151666.67,'paid'),(32309,22068,51068,'2022-01-06',151666.67,'paid'),(32310,22068,51068,'2023-01-06',151666.67,'paid'),(32311,22068,51068,'2024-01-06',151666.67,'paid'),(32312,22068,51068,'2025-01-06',151666.67,'paid'),(32313,22069,51069,'2023-01-09',119166.67,'paid'),(32314,22069,51069,'2024-01-09',119166.67,'paid'),(32315,22069,51069,'2025-01-09',119166.67,'paid'),(32316,22070,51070,'2022-01-08',171666.67,'paid'),(32317,22070,51070,'2023-01-08',171666.67,'paid'),(32318,22070,51070,'2024-01-08',171666.67,'paid'),(32319,22070,51070,'2025-01-08',171666.67,'paid'),(32328,22072,51072,'2019-01-02',90833.33,'paid'),(32329,22072,51072,'2020-01-02',90833.33,'paid'),(32330,22072,51072,'2021-01-02',90833.33,'paid'),(32331,22072,51072,'2022-01-02',90833.33,'paid'),(32332,22072,51072,'2023-01-02',90833.33,'paid'),(32333,22072,51072,'2024-01-02',90833.33,'paid'),(32334,22072,51072,'2025-01-02',90833.33,'paid'),(32335,22072,51072,'2026-01-02',90833.33,'paid'),(32336,22073,51073,'2022-01-10',145833.33,'paid'),(32337,22073,51073,'2023-01-10',145833.33,'paid'),(32338,22073,51073,'2024-01-10',145833.33,'paid'),(32339,22073,51073,'2025-01-10',145833.33,'paid'),(32340,22074,51074,'2024-01-11',196666.67,'paid'),(32341,22074,51074,'2025-01-11',196666.67,'paid'),(32342,22075,51075,'2019-01-11',239166.67,'paid'),(32343,22075,51075,'2020-01-11',239166.67,'paid'),(32344,22075,51075,'2021-01-11',239166.67,'paid'),(32345,22075,51075,'2022-01-11',239166.67,'paid'),(32346,22075,51075,'2023-01-11',239166.67,'paid'),(32347,22075,51075,'2024-01-11',239166.67,'paid'),(32348,22075,51075,'2025-01-11',239166.67,'paid'),(32349,22076,51076,'2020-01-02',145000.00,'paid'),(32350,22076,51076,'2021-01-02',145000.00,'paid'),(32351,22076,51076,'2022-01-02',145000.00,'paid'),(32352,22076,51076,'2023-01-02',145000.00,'paid'),(32353,22076,51076,'2024-01-02',145000.00,'paid'),(32354,22076,51076,'2025-01-02',145000.00,'paid'),(32355,22076,51076,'2026-01-02',145000.00,'paid'),(32363,22078,51078,'2020-01-05',101666.67,'paid'),(32364,22078,51078,'2021-01-05',101666.67,'paid'),(32365,22078,51078,'2022-01-05',101666.67,'paid'),(32366,22078,51078,'2023-01-05',101666.67,'paid'),(32367,22078,51078,'2024-01-05',101666.67,'paid'),(32368,22078,51078,'2025-01-05',101666.67,'paid'),(32369,22079,51079,'2020-01-07',110833.33,'paid'),(32370,22079,51079,'2021-01-07',110833.33,'paid'),(32371,22079,51079,'2022-01-07',110833.33,'paid'),(32372,22079,51079,'2023-01-07',110833.33,'paid'),(32373,22079,51079,'2024-01-07',110833.33,'paid'),(32374,22079,51079,'2025-01-07',110833.33,'paid'),(32375,22080,51080,'2021-01-10',183333.33,'paid'),(32376,22080,51080,'2022-01-10',183333.33,'paid'),(32377,22080,51080,'2023-01-10',183333.33,'paid'),(32378,22080,51080,'2024-01-10',183333.33,'paid'),(32379,22080,51080,'2025-01-10',183333.33,'paid'),(32380,22081,51081,'2024-01-07',357500.00,'paid'),(32381,22081,51081,'2025-01-07',357500.00,'paid'),(32382,22082,51082,'2019-01-06',342500.00,'paid'),(32383,22082,51082,'2020-01-06',342500.00,'paid'),(32384,22082,51082,'2021-01-06',342500.00,'paid'),(32385,22082,51082,'2022-01-06',342500.00,'paid'),(32386,22082,51082,'2023-01-06',342500.00,'paid'),(32387,22082,51082,'2024-01-06',342500.00,'paid'),(32388,22082,51082,'2025-01-06',342500.00,'paid'),(32389,22083,51083,'2023-01-11',105000.00,'paid'),(32390,22083,51083,'2024-01-11',105000.00,'paid'),(32391,22083,51083,'2025-01-11',105000.00,'paid'),(32392,22084,51084,'2023-01-12',313333.33,'paid'),(32393,22084,51084,'2024-01-12',313333.33,'paid'),(32394,22084,51084,'2025-01-12',313333.33,'paid'),(32395,22085,51085,'2023-01-07',300000.00,'paid'),(32396,22085,51085,'2024-01-07',300000.00,'paid'),(32397,22085,51085,'2025-01-07',300000.00,'paid'),(32398,22086,51086,'2023-01-12',90833.33,'paid'),(32399,22086,51086,'2024-01-12',90833.33,'paid'),(32400,22086,51086,'2025-01-12',90833.33,'paid'),(32401,22087,51087,'2023-01-05',165000.00,'paid'),(32402,22087,51087,'2024-01-05',165000.00,'paid'),(32403,22087,51087,'2025-01-05',165000.00,'paid'),(32404,22088,51088,'2024-01-06',145833.33,'paid'),(32405,22088,51088,'2025-01-06',145833.33,'paid'),(32406,22089,51089,'2022-01-11',381666.67,'paid'),(32407,22089,51089,'2023-01-11',381666.67,'paid'),(32408,22089,51089,'2024-01-11',381666.67,'paid'),(32409,22089,51089,'2025-01-11',381666.67,'paid'),(32410,22090,51090,'2022-01-05',294166.67,'paid'),(32411,22090,51090,'2023-01-05',294166.67,'paid'),(32412,22090,51090,'2024-01-05',294166.67,'paid'),(32413,22090,51090,'2025-01-05',294166.67,'paid'),(32414,22091,51091,'2023-01-09',143333.33,'paid'),(32415,22091,51091,'2024-01-09',143333.33,'paid'),(32416,22091,51091,'2025-01-09',143333.33,'paid'),(32417,22092,51092,'2021-01-01',173333.33,'paid'),(32418,22092,51092,'2022-01-01',173333.33,'paid'),(32419,22092,51092,'2023-01-01',173333.33,'paid'),(32420,22092,51092,'2024-01-01',173333.33,'paid'),(32421,22092,51092,'2025-01-01',173333.33,'paid'),(32422,22092,51092,'2026-01-01',173333.33,'paid'),(32423,22093,51093,'2023-01-09',190000.00,'paid'),(32424,22093,51093,'2024-01-09',190000.00,'paid'),(32425,22093,51093,'2025-01-09',190000.00,'paid'),(32426,22094,51094,'2023-01-11',526666.67,'paid'),(32427,22094,51094,'2024-01-11',526666.67,'paid'),(32428,22094,51094,'2025-01-11',526666.67,'paid'),(32429,22095,51095,'2020-01-03',539166.67,'paid'),(32430,22095,51095,'2021-01-03',539166.67,'paid'),(32431,22095,51095,'2022-01-03',539166.67,'paid'),(32432,22095,51095,'2023-01-03',539166.67,'paid'),(32433,22095,51095,'2024-01-03',539166.67,'paid'),(32434,22095,51095,'2025-01-03',539166.67,'paid'),(32435,22095,51095,'2026-01-03',539166.67,'paid'),(32436,22096,51096,'2021-01-08',166666.67,'paid'),(32437,22096,51096,'2022-01-08',166666.67,'paid'),(32438,22096,51096,'2023-01-08',166666.67,'paid'),(32439,22096,51096,'2024-01-08',166666.67,'paid'),(32440,22096,51096,'2025-01-08',166666.67,'paid'),(32441,22097,51097,'2021-01-08',273333.33,'paid'),(32442,22097,51097,'2022-01-08',273333.33,'paid'),(32443,22097,51097,'2023-01-08',273333.33,'paid'),(32444,22097,51097,'2024-01-08',273333.33,'paid'),(32445,22097,51097,'2025-01-08',273333.33,'paid'),(32446,22098,51098,'2024-01-11',103333.33,'paid'),(32447,22098,51098,'2025-01-11',103333.33,'paid'),(32453,22100,51100,'2023-01-08',300000.00,'paid'),(32454,22100,51100,'2024-01-08',300000.00,'paid'),(32455,22100,51100,'2025-01-08',300000.00,'paid'),(32456,22101,51101,'2023-01-07',180000.00,'paid'),(32457,22101,51101,'2024-01-07',180000.00,'paid'),(32458,22101,51101,'2025-01-07',180000.00,'paid'),(32459,22102,51102,'2019-01-08',184166.67,'paid'),(32460,22102,51102,'2020-01-08',184166.67,'paid'),(32461,22102,51102,'2021-01-08',184166.67,'paid'),(32462,22102,51102,'2022-01-08',184166.67,'paid'),(32463,22102,51102,'2023-01-08',184166.67,'paid'),(32464,22102,51102,'2024-01-08',184166.67,'paid'),(32465,22102,51102,'2025-01-08',184166.67,'paid'),(32466,22103,51103,'2022-01-06',115833.33,'paid'),(32467,22103,51103,'2023-01-06',115833.33,'paid'),(32468,22103,51103,'2024-01-06',115833.33,'paid'),(32469,22103,51103,'2025-01-06',115833.33,'paid'),(32470,22104,51104,'2021-01-08',244166.67,'paid'),(32471,22104,51104,'2022-01-08',244166.67,'paid'),(32472,22104,51104,'2023-01-08',244166.67,'paid'),(32473,22104,51104,'2024-01-08',244166.67,'paid'),(32474,22104,51104,'2025-01-08',244166.67,'paid'),(32475,22105,51105,'2019-01-05',183333.33,'paid'),(32476,22105,51105,'2020-01-05',183333.33,'paid'),(32477,22105,51105,'2021-01-05',183333.33,'paid'),(32478,22105,51105,'2022-01-05',183333.33,'paid'),(32479,22105,51105,'2023-01-05',183333.33,'paid'),(32480,22105,51105,'2024-01-05',183333.33,'paid'),(32481,22105,51105,'2025-01-05',183333.33,'paid');
/*!40000 ALTER TABLE `revenue_records` ENABLE KEYS */;
UNLOCK TABLES;

--
-- Table structure for table `share_ownership`
--

DROP TABLE IF EXISTS `share_ownership`;
/*!40101 SET @saved_cs_client     = @@character_set_client */;
/*!50503 SET character_set_client = utf8mb4 */;
CREATE TABLE `share_ownership` (
  `ownership_id` int NOT NULL AUTO_INCREMENT,
  `investor_id` int NOT NULL,
  `property_id` int NOT NULL,
  `shares_owned` int NOT NULL DEFAULT '0',
  `total_invested` decimal(15,2) NOT NULL DEFAULT '0.00',
  `average_purchase_price` decimal(12,2) NOT NULL DEFAULT '0.00',
  PRIMARY KEY (`ownership_id`),
  UNIQUE KEY `uq_ownership_inv_prop` (`investor_id`,`property_id`),
  KEY `idx_ownership_investor` (`investor_id`),
  KEY `idx_ownership_property` (`property_id`),
  CONSTRAINT `fk_ownership_investor` FOREIGN KEY (`investor_id`) REFERENCES `investors` (`investor_id`) ON DELETE CASCADE ON UPDATE CASCADE,
  CONSTRAINT `fk_ownership_property` FOREIGN KEY (`property_id`) REFERENCES `properties` (`property_id`) ON DELETE RESTRICT ON UPDATE CASCADE,
  CONSTRAINT `chk_ownership_avg_price` CHECK ((`average_purchase_price` >= 0)),
  CONSTRAINT `chk_ownership_invested` CHECK ((`total_invested` >= 0)),
  CONSTRAINT `chk_ownership_shares` CHECK ((`shares_owned` >= 0))
) ENGINE=InnoDB AUTO_INCREMENT=7 DEFAULT CHARSET=utf8mb4 COLLATE=utf8mb4_0900_ai_ci;
/*!40101 SET character_set_client = @saved_cs_client */;

--
-- Dumping data for table `share_ownership`
--

LOCK TABLES `share_ownership` WRITE;
/*!40000 ALTER TABLE `share_ownership` DISABLE KEYS */;
INSERT INTO `share_ownership` VALUES (1,21001,22002,30,16800.00,746.67),(4,21001,22001,7,217350.00,35485.71);
/*!40000 ALTER TABLE `share_ownership` ENABLE KEYS */;
UNLOCK TABLES;

--
-- Table structure for table `share_transactions`
--

DROP TABLE IF EXISTS `share_transactions`;
/*!40101 SET @saved_cs_client     = @@character_set_client */;
/*!50503 SET character_set_client = utf8mb4 */;
CREATE TABLE `share_transactions` (
  `transaction_id` int NOT NULL AUTO_INCREMENT,
  `property_id` int NOT NULL,
  `buyer_id` int NOT NULL,
  `seller_id` int DEFAULT NULL,
  `transaction_type` enum('buy','sell') NOT NULL,
  `shares_quantity` int NOT NULL,
  `price_per_share` decimal(12,2) NOT NULL,
  `total_amount` decimal(15,2) NOT NULL,
  `transaction_date` date NOT NULL DEFAULT (curdate()),
  PRIMARY KEY (`transaction_id`),
  KEY `idx_txns_property` (`property_id`),
  KEY `idx_txns_buyer` (`buyer_id`),
  KEY `idx_txns_seller` (`seller_id`),
  CONSTRAINT `fk_share_txns_buyer` FOREIGN KEY (`buyer_id`) REFERENCES `investors` (`investor_id`) ON DELETE RESTRICT ON UPDATE CASCADE,
  CONSTRAINT `fk_share_txns_property` FOREIGN KEY (`property_id`) REFERENCES `properties` (`property_id`) ON DELETE RESTRICT ON UPDATE CASCADE,
  CONSTRAINT `fk_share_txns_seller` FOREIGN KEY (`seller_id`) REFERENCES `investors` (`investor_id`) ON DELETE RESTRICT ON UPDATE CASCADE,
  CONSTRAINT `chk_txns_amount` CHECK ((`total_amount` > 0)),
  CONSTRAINT `chk_txns_price` CHECK ((`price_per_share` > 0)),
  CONSTRAINT `chk_txns_qty` CHECK ((`shares_quantity` > 0))
) ENGINE=InnoDB AUTO_INCREMENT=7 DEFAULT CHARSET=utf8mb4 COLLATE=utf8mb4_0900_ai_ci;
/*!40101 SET character_set_client = @saved_cs_client */;

--
-- Dumping data for table `share_transactions`
--

LOCK TABLES `share_transactions` WRITE;
/*!40000 ALTER TABLE `share_transactions` DISABLE KEYS */;
INSERT INTO `share_transactions` VALUES (1,22002,21001,NULL,'buy',10,560.00,5600.00,'2026-04-21'),(2,22002,21001,NULL,'buy',10,560.00,5600.00,'2026-04-21'),(3,22002,21001,NULL,'buy',10,560.00,5600.00,'2026-04-21'),(4,22001,21001,NULL,'buy',3,31050.00,93150.00,'2026-04-21'),(5,22001,21001,NULL,'buy',3,31050.00,93150.00,'2026-04-21'),(6,22001,21001,NULL,'buy',1,31050.00,31050.00,'2026-04-21');
/*!40000 ALTER TABLE `share_transactions` ENABLE KEYS */;
UNLOCK TABLES;

--
-- Table structure for table `tenants`
--

DROP TABLE IF EXISTS `tenants`;
/*!40101 SET @saved_cs_client     = @@character_set_client */;
/*!50503 SET character_set_client = utf8mb4 */;
CREATE TABLE `tenants` (
  `tenant_id` int NOT NULL,
  `tenant_name` varchar(150) NOT NULL,
  `business_type` varchar(50) NOT NULL,
  `contact_email` varchar(150) NOT NULL,
  `credit_rating` decimal(3,1) NOT NULL,
  PRIMARY KEY (`tenant_id`),
  CONSTRAINT `chk_tenants_biz_type` CHECK ((`business_type` in (_utf8mb4'Retail',_utf8mb4'Wholesale',_utf8mb4'Service',_utf8mb4'None'))),
  CONSTRAINT `chk_tenants_credit` CHECK (((`credit_rating` >= 4.0) and (`credit_rating` <= 5.0)))
) ENGINE=InnoDB DEFAULT CHARSET=utf8mb4 COLLATE=utf8mb4_0900_ai_ci;
/*!40101 SET character_set_client = @saved_cs_client */;

--
-- Dumping data for table `tenants`
--

LOCK TABLES `tenants` WRITE;
/*!40000 ALTER TABLE `tenants` DISABLE KEYS */;
INSERT INTO `tenants` VALUES (50001,'Nandishan','None','nandishan2937@hotmail.com',4.5),(50002,'Vijayanth','Wholesale','vijayanth6380@rediffmail.com',4.5),(50003,'Namirthan','None','namirthan1003@hotmail.com',4.3),(50004,'Tarangini','None','tarangini6037@gmail.com',4.4),(50005,'Kerthan','None','kerthan3696@hotmail.com',4.3),(50006,'Salain','Retail','salain3683@rediffmail.com',4.3),(50007,'Udhayarani','Retail','udhayarani7069@yahoo.in',5.0),(50008,'Satyarth','Wholesale','satyarth6236@rediffmail.com',4.9),(50009,'Vanisha','Retail','vanisha6398@yahoo.in',4.3),(50010,'Jaagrav','None','jaagrav2505@outlook.in',4.6),(50011,'Garish','None','garish6661@gmail.com',4.7),(50012,'Siddhaarth','Retail','siddhaarth2972@hotmail.com',4.6),(50013,'Yudhistran','None','yudhistran9403@gmail.com',4.4),(50014,'Devajith','Retail','devajith2668@yahoo.in',4.0),(50015,'Yaakesh','Service','yaakesh9070@rediffmail.com',4.6),(50016,'Seyon','None','seyon5503@rediffmail.com',4.1),(50017,'Dattatray','None','dattatray4487@yahoo.in',4.8),(50018,'Boormithayan','Retail','boormithayan7671@hotmail.com',4.1),(50019,'Kandarp','Wholesale','kandarp8341@yahoo.in',4.5),(50020,'Kanagaraj','None','kanagaraj1688@hotmail.com',4.9),(50021,'Yoghav','None','yoghav3919@yahoo.in',4.6),(50022,'Mahabalan','None','mahabalan1839@rediffmail.com',4.4),(50023,'Roopini','Wholesale','roopini8191@gmail.com',4.1),(50024,'Munal','None','munal4335@outlook.in',4.2),(50025,'Dheshga','None','dheshga2418@yahoo.in',4.6),(50026,'Ashuthosh','None','ashuthosh4634@outlook.in',4.4),(50027,'Vithraken','None','vithraken4107@outlook.in',4.3),(50028,'Anumandra','None','anumandra6733@yahoo.in',4.1),(50029,'Nethakan','Wholesale','nethakan5586@rediffmail.com',5.0),(50030,'Baveesanan','Service','baveesanan7031@gmail.com',4.8),(50031,'Jegatha','None','jegatha2783@rediffmail.com',4.4),(50032,'Padmavathi','Retail','padmavathi9750@outlook.in',4.6),(50033,'Mahima','None','mahima7731@yahoo.in',4.2),(50034,'Warjanan','None','warjanan3109@yahoo.in',4.0),(50035,'Kshyanika','None','kshyanika4443@yahoo.in',4.8),(50036,'Sakasham','Service','sakasham9604@yahoo.in',4.1),(50037,'Hansavathy','Service','hansavathy1066@yahoo.in',4.3),(50038,'Ravitej','None','ravitej9120@gmail.com',4.3),(50039,'Humshayini','None','humshayini6084@yahoo.in',4.8),(50040,'Yeso','None','yeso7218@outlook.in',4.5),(50041,'Aashrita','None','aashrita1657@outlook.in',4.7),(50042,'Rushani','Wholesale','rushani3624@outlook.in',4.3),(50043,'Duhita','None','duhita7856@outlook.in',4.2),(50044,'Jagadran','None','jagadran1474@rediffmail.com',4.2),(50045,'Chakori','None','chakori4170@hotmail.com',4.1),(50046,'Braahmi','None','braahmi3412@yahoo.in',4.2),(50047,'Vaenthen','Retail','vaenthen1484@gmail.com',4.6),(50048,'Lankesh','None','lankesh5826@outlook.in',4.5),(50049,'Gaurathan','None','gaurathan6929@gmail.com',4.5),(50050,'Madulan','None','madulan3270@gmail.com',4.0),(50051,'Kanwal','None','kanwal7783@yahoo.in',4.4),(50052,'Changuna','None','changuna3848@hotmail.com',4.6),(50053,'Jaishri','None','jaishri7940@hotmail.com',4.9),(50054,'Sivasuthan','Wholesale','sivasuthan1225@outlook.in',4.8),(50055,'Dharunvigash','None','dharunvigash9260@hotmail.com',4.1),(50056,'Mahithra','Retail','mahithra1769@rediffmail.com',4.7),(50057,'Raajalakshmi','None','raajalakshmi7053@yahoo.in',4.5),(50058,'Velmuruga','Wholesale','velmuruga6284@hotmail.com',4.9),(50059,'Saeralathan','None','saeralathan9944@gmail.com',4.7),(50060,'Kaanavi','None','kaanavi3568@rediffmail.com',4.1),(50061,'Leshmita','Service','leshmita8255@gmail.com',4.2),(50062,'Sajeekaran','Retail','sajeekaran9702@yahoo.in',4.3),(50063,'Vishnuthi','None','vishnuthi9946@rediffmail.com',4.9),(50064,'Nishagan','Wholesale','nishagan9695@outlook.in',4.6),(50065,'Dharmashri','Retail','dharmashri9748@yahoo.in',4.2),(50066,'Abaran','None','abaran6215@hotmail.com',4.4),(50067,'Biravan','None','biravan3219@outlook.in',4.1),(50068,'Suryakanta','Retail','suryakanta2150@hotmail.com',4.7),(50069,'Niroban','None','niroban7922@outlook.in',4.3),(50070,'Aysha','None','aysha8807@rediffmail.com',4.2),(50071,'Nishora','None','nishora9703@outlook.in',4.7),(50072,'Aharish','None','aharish4467@outlook.in',4.5),(50073,'Sivanjan','Service','sivanjan4951@outlook.in',4.1),(50074,'Madhurekha','Wholesale','madhurekha9642@outlook.in',4.0),(50075,'Mathuranthagi','None','mathuranthagi6466@rediffmail.com',4.5),(50076,'Gnana','Service','gnana4849@outlook.in',4.2),(50077,'Parteek','None','parteek5648@yahoo.in',5.0),(50078,'Kruthiga','None','kruthiga8831@rediffmail.com',4.4),(50079,'Babay','None','babay5425@outlook.in',4.6),(50080,'Shailaj','Wholesale','shailaj5034@yahoo.in',4.8),(50081,'Rudhir','None','rudhir9923@yahoo.in',4.4),(50082,'Jitesh','Service','jitesh6764@hotmail.com',4.5),(50083,'Manan','None','manan3209@gmail.com',4.5),(50084,'Yugant','Retail','yugant9533@rediffmail.com',4.7),(50085,'Dishali','None','dishali5146@gmail.com',4.8),(50086,'Atheesana','Wholesale','atheesana8356@rediffmail.com',4.4),(50087,'Sanabhi','None','sanabhi3275@gmail.com',4.6),(50088,'Kalaimagal','None','kalaimagal9372@rediffmail.com',4.8),(50089,'Khamna','None','khamna3051@rediffmail.com',4.9),(50090,'Thanikaimaran','None','thanikaimaran3452@rediffmail.com',4.3),(50091,'Vasantha','None','vasantha7584@outlook.in',4.2),(50092,'Aathviga','None','aathviga1898@outlook.in',4.2),(50093,'Monalisa','Service','monalisa8736@hotmail.com',4.3),(50094,'Nanthaseelan','None','nanthaseelan1384@gmail.com',4.3),(50095,'Pujan','Wholesale','pujan4730@hotmail.com',4.2),(50096,'Vimb','None','vimb7670@hotmail.com',4.5),(50097,'Abishantha','None','abishantha3211@yahoo.in',4.8),(50098,'Jonny','None','jonny7394@yahoo.in',4.2),(50099,'Gabisan','Service','gabisan7933@hotmail.com',4.7),(50100,'Ajenthan','Retail','ajenthan8057@gmail.com',4.1),(50101,'Shabi','Wholesale','shabi7110@outlook.in',4.3),(50102,'Naran','Service','naran6114@yahoo.in',4.5),(50103,'Jahita','Retail','jahita3636@outlook.in',4.1),(50104,'Rwiju','None','rwiju6990@gmail.com',4.6),(50105,'Kisor','None','kisor1856@gmail.com',4.1),(50106,'Murugathan','Wholesale','murugathan5675@outlook.in',4.6);
/*!40000 ALTER TABLE `tenants` ENABLE KEYS */;
UNLOCK TABLES;

--
-- Table structure for table `users`
--

DROP TABLE IF EXISTS `users`;
/*!40101 SET @saved_cs_client     = @@character_set_client */;
/*!50503 SET character_set_client = utf8mb4 */;
CREATE TABLE `users` (
  `user_id` int NOT NULL,
  `full_name` varchar(100) NOT NULL,
  `gender` enum('male','female') NOT NULL,
  `email` varchar(150) NOT NULL,
  `password_hash` varchar(255) NOT NULL,
  `user_type` enum('investor','developer','admin') NOT NULL,
  `kyc_verified` tinyint(1) NOT NULL DEFAULT '0',
  PRIMARY KEY (`user_id`),
  UNIQUE KEY `uq_users_email` (`email`),
  CONSTRAINT `chk_users_kyc` CHECK ((`kyc_verified` in (0,1)))
) ENGINE=InnoDB DEFAULT CHARSET=utf8mb4 COLLATE=utf8mb4_0900_ai_ci;
/*!40101 SET character_set_client = @saved_cs_client */;

--
-- Dumping data for table `users`
--

LOCK TABLES `users` WRITE;
/*!40000 ALTER TABLE `users` DISABLE KEYS */;
INSERT INTO `users` VALUES (0,'System Admin','male','admin@brickyield.com','$2b$12$o27k/8hFL1uYn6QSsMQuVO04FHkBioa6gETtGihy2pnjFmoTjpoQe','admin',1),(10001,'Virubha','female','virubha842@gmail.com','$2b$12$lL8H8qt1Yucm1Zu4l2IEAOEJGX17tYRU4GZKHPj1/PPD0Iz4aq7PK','investor',1),(10002,'Praemika','female','praemika2657@hotmail.com','$2b$12$SQfjuPVFfyUwHYYZamA62.e3MKxQ5SVKEZmtL29hF9msFVY0e5/hS','investor',1),(10003,'Nanjil','male','nanjil8948@gmail.com','$2b$12$o3HHi7Alcscdne1ppHuUQ.wXeqZYwrknBFNNm.JV88uka0GnZszWG','developer',1),(10004,'Bhairavi','female','bhairavi663@outlook.com','$2b$12$M.20Are0mDEuQlHED/7gMu2mADM0d58EBnrquqTHc2mu0Vm8R248G','investor',1),(10005,'Kishenth','male','kishenth2542@yahoo.com','$2b$12$QWCahLxQdREoDp7GnJHJxue/PYOHyR0J07ePTD51WPnuZTxxX2TG.','developer',1),(10006,'Rejinta','female','rejinta5452@hotmail.com','$2b$12$mLHD3byoaDCshll5u5m5cuZpUZWkV9cdtO5rJ1CsAdnPJRs8oBtYO','developer',1),(10007,'Vinoth','male','vinoth644@hotmail.com','$2b$12$pQa85ZLnWq9F50UoVr9HfOO5OgXXvttYbPDu1e15axaTcdcCXb9CW','developer',1),(10008,'Juvetha','female','juvetha397@yahoo.com','$2b$12$PV5hXk3WgWekIvVNdz8.f.GxYvniW70bkyajNpyyvE3/hD6Hi51xu','investor',1),(10009,'Vriha','female','vriha8795@outlook.com','$2b$12$1TlcigM3YRt68vrhqHVzV.YmJEA5/DCbO5njCesR2VkJULj8weTBy','developer',1),(10010,'Keshikan','male','keshikan1786@rediffmail.com','$2b$12$cytBtRbsKyTkk0673Bq.COPot9iq/sB5IyBvUTEwrlztx5C4KyLMe','investor',1),(10011,'Senthilvel','male','senthilvel9456@yahoo.com','$2b$12$dygLtooC74Om9dssKV0ar.1DiM3JDN.7Kq4kf6YbpkbuEiZYwGJUG','investor',1),(10012,'Devalekha','female','devalekha3238@outlook.com','$2b$12$DtnAnERyMXCvIDcqr77KxOMy0anUCdM8GtftL.N.ty.A0b2gRVPei','developer',0),(10013,'Narene','male','narene4930@rediffmail.com','$2b$12$86SUXL8EdieHs9GL9moULOZn3AJqVGF01pxZVYzVjySHdWlBg65Cy','investor',1),(10014,'Bhaargav','male','bhaargav6221@yahoo.com','$2b$12$hdjvYbFin92sPDq/GXXApODTAWYBKQcTve6gOTz0ejKCDKwqQTD1.','developer',0),(10015,'Mathurapriya','female','mathurapriya9512@rediffmail.com','$2b$12$gOUMiCrs/y9IQLTXkp7BLujzuSth7b9pUvh.5auDPZRQJumYW3VWO','investor',0),(10016,'Virasana','male','virasana2790@gmail.com','$2b$12$TRW7nDqyDO389XlnE5YAuuTfySPBVefeqA69PFqzpMtBcOPzybuM6','developer',1),(10017,'Ridanya','female','ridanya5095@yahoo.com','$2b$12$Nyx0CT630Ae4WU1MVHvLS.4IcI5y28hD14QudeCcu2i9kFIVzQSG2','investor',0),(10018,'Pardeep','male','pardeep7471@hotmail.com','$2b$12$SIaZ3lGQ46sui5EujG45mufHBx.Rp/qNN7RjbnTf3qPPHsdg2L.5y','investor',1),(10019,'Jayapraveena','female','jayapraveena100@gmail.com','$2b$12$/BG504w92pG0iUFeEnXR6uxumWSH7e3LLfW0GwfBUxql.NFkYPWYC','developer',1),(10020,'Neethirajan','male','neethirajan1998@hotmail.com','$2b$12$xPcKSbsYVWTNqPnR73QPbOeXGNw2gIpPPIvi5wWi47IyZXbIa5zCW','investor',1),(10021,'Vaemisha','female','vaemisha7261@rediffmail.com','$2b$12$oSJ1PXo7FiGf2nCUrUpQk.SGEURws6AAjLRTdVBXr4uhszCi/oGze','investor',1),(10022,'Ruthihashini','female','ruthihashini7787@hotmail.com','$2b$12$rmq7N3/462oNI23gex/G3.sEkJx9FKV9Iv5vuIgtTvi7pmfWYauta','investor',1),(10023,'Darrshan','male','darrshan4509@hotmail.com','$2b$12$FOrXReW5DIZ0iysThJ/pk.JsKmW5psCjnHAMRzIessRvUvX1sdlnS','developer',1),(10024,'Hanumithran','male','hanumithran3798@hotmail.com','$2b$12$CJ45/jZxjEmccwqO2G0Q7ezfgjY8PyFNDN7sRA980ZRLtwFc34RlO','investor',1),(10025,'Pernita','female','pernita3398@hotmail.com','$2b$12$Vk.Pki6jr1IRTJDVtuj2zOD8hOvQENtMdIKeivzRWR7QrAzBoj6NS','investor',1),(10026,'Adrija','female','adrija7824@gmail.com','$2b$12$IlRyIayk//WTfBduaELT8.FaO16KFrwLzQ5Wi6HGvl37Bqh25YVg6','developer',1),(10027,'Darshanasri','female','darshanasri8957@rediffmail.com','$2b$12$NDZ6zcEN0jUYBs27IV5TKOCbrjDy4J7Gp6lmBzuJTaYY16XHRet5.','developer',1),(10028,'Dipali','female','dipali6634@yahoo.com','$2b$12$R/GrP3EfkSgtUVxVPzLDk.siqaCfz0Vr5abSbx6ipPDxrdYdwxVJW','developer',1),(10029,'Varshni','female','varshni454@gmail.com','$2b$12$.ko8SDUYXNROjT3ZHBo/ZOkbmwmbgcyw9SpAdGsuLP58U/PBszIQW','investor',1),(10030,'Khailashankar','male','khailashankar5365@outlook.com','$2b$12$gwlfPtrHaQP2DnepBMwgNOjsZAk4KyX2xO1TOeUGd9j1ou905ImIW','investor',1),(10031,'Vibhishan','male','vibhishan327@rediffmail.com','$2b$12$o2SDTvumAbr/oH/.7UBdN.nj62qhm8qot8FNua0zjPLgdyd1w8hu2','investor',0),(10032,'Mithrahsri','female','mithrahsri518@yahoo.com','$2b$12$4qwZyJLXGCxVD/he1zWSLu7tCVFzKgf2a2ZY9KjY/iY62kYMV0r8.','investor',1),(10033,'Easmatara','female','easmatara3581@hotmail.com','$2b$12$UAsjvaGAY.kpYrpQKvGkl.rEYzToN0rtUDPABw9d9Faaai39C/1lC','investor',1),(10034,'Pranavkumaran','male','pranavkumaran2693@outlook.com','$2b$12$SKvHp2PIHlZVq7owTLr4e.dJB4xldPknZKp6Q/sP6KH.hB.dT8B9u','investor',0),(10035,'Vabeeshen','male','vabeeshen3259@gmail.com','$2b$12$NchDWlCIJl0OwH1XW3Trie/YWbTV/pNzJdGTxSw3fV3hwRQG0Rxju','developer',1),(10036,'Nivrutti','male','nivrutti1993@rediffmail.com','$2b$12$CeLlW.rs9u4bzTCzqBC3NOzueaqOGZH73Cio8WP46MnynPFAlab9W','developer',1),(10037,'Narayan','male','narayan6892@hotmail.com','$2b$12$bAGqPGz5sajo9YJCs4TAuuls5zAZ/EGPYinaPWwo/TiZLK/aMtbkS','developer',0),(10038,'Ahathiyan','male','ahathiyan8558@outlook.com','$2b$12$eNc.j9YIXgarBB7DCTZHueynJtd8Ojp3qxij8D8iajvIo4iLKg0mi','investor',0),(10039,'Hafa','female','hafa5290@yahoo.com','$2b$12$9nXaq5W84Nyyu2HrzbnT6egId59AtKe1Mw/nK8Jdg9oVmHoxsPGwO','developer',1),(10040,'Shrimate','male','shrimate6219@outlook.com','$2b$12$1.7.IUxF6CoSQc7wreIa2.IbbGwpB.j2gxWPbbHRQC8uRVDmiUlG6','investor',1),(10041,'Ashrudha','female','ashrudha9777@outlook.com','$2b$12$f.mYmPnc2Hubx6X3IWAOLuNgcIainkrFge/h2tTlyQUnoDyVBur5q','developer',0),(10042,'Mirutha','male','mirutha3947@hotmail.com','$2b$12$CL40rf59aQWZ6js88IR1Yuc2Vskm/.HwjvxonmhOLa.nZi32CzAVO','investor',1),(10043,'Sharon','male','sharon5026@rediffmail.com','$2b$12$BvzATXo/5RIcyP3llvhVfOdMFfNlz7615CE8IL4M4tiDGfiEqnS.6','developer',1),(10044,'Ramanisri','female','ramanisri7444@outlook.com','$2b$12$azKF0OqkwmR27DWEuKPH0.aEtg1J7tRban1Bx5SHljbAE74uMtCLG','developer',1),(10045,'Gnalam','female','gnalam3043@yahoo.com','$2b$12$DGadqWuU4QyAHHrxffvLE.mHm/HzSe71msMou/9ApuKbW3BLlnxiu','investor',0),(10046,'Anilaja','female','anilaja1657@yahoo.com','$2b$12$I8xG.BWRgqpwZRuOA4yCBOc.kiLW7hG0K7q0RqUnqpK1G.j4CwBy.','investor',1),(10047,'Luckeesh','male','luckeesh903@rediffmail.com','$2b$12$Tn/HjS.hntDbTdUw9PXTUe38EIA.gmUygyWDS8d15clJTqWGlplSG','investor',1),(10048,'Tusarika','female','tusarika4668@hotmail.com','$2b$12$HO4e7NmWAWetq7KJ..fOL.jthMLcv0oGDJYBVULmXUDQDCkV8pOj6','investor',1),(10049,'Thibishanth','male','thibishanth1080@hotmail.com','$2b$12$3OCcChdj9TbWU..Fn89m2uYtzxGz1PjmsMTcXaVQ08B.5NH5ZH3/i','investor',1),(10050,'Stimit','male','stimit1405@yahoo.com','$2b$12$El1WRufTDgfZ2sFnqoG4auLsSDdsTX2pBNgJFZQu19PgP7TNIOgUu','investor',1),(10051,'Priyanvada','female','priyanvada7391@hotmail.com','$2b$12$JNwpulWqw.9Ls1G/iWllperFfP77rEabZ9IzyMImr7hlKi1ED632C','investor',1),(10052,'Shivea','male','shivea1635@yahoo.com','$2b$12$fAL3RMjDvCb4jiq0vKpPrevXw.JEcwiZ4suI3X6lXVs6RO9L.bcRi','developer',0),(10053,'Deeraj','male','deeraj6703@hotmail.com','$2b$12$Q69CsclifrRtcJslUBx6LueoAK8x9eGY0sLdZuVD4SaD.nqQX6O2q','investor',1),(10054,'Menutha','female','menutha1176@yahoo.com','$2b$12$RipcWbm9VOs02ev1x20pwuPOZVQngXF23KNtTqAW7zOUtwtAvbtTS','developer',1),(10055,'Prudhvi','male','prudhvi8932@yahoo.com','$2b$12$wcsfSogq155fMkCmoWc0JOhJVIF7ppu8kfbwxSCR95kx4asczUYX6','developer',1),(10056,'Tusya','male','tusya9335@outlook.com','$2b$12$WpuMXgdVMouyfk0Eif03A.e78O19CgHooaDhEiOxSBKd/O4WY1dp.','developer',1),(10057,'Nagaiah','male','nagaiah7182@gmail.com','$2b$12$c2salUMEHeTHQ5N1LG5Ib.rj95ziQj.J0Dp24mgO5.kBmSq2t1TvO','investor',0),(10058,'Asmiga','female','asmiga9434@rediffmail.com','$2b$12$zYsulN6La8WHhD92nAXphOCJ8Q3j9OMkfu/6/725h.wK9F/JJVk/G','investor',0),(10059,'Kaniga','female','kaniga7718@rediffmail.com','$2b$12$6ohBF4AYldI2YxYdT/ti4uBj4mAx1BfnOeBGs/1KZUaJKNXFWPzT2','investor',1),(10060,'Yashvanthini','female','yashvanthini1504@hotmail.com','$2b$12$QLqlmVV9oL88ezdVO2A3Su/uIlqgtfUFiMllKLJ/qALKLS7FOkILq','investor',1),(10061,'Gomantak','male','gomantak4732@hotmail.com','$2b$12$fGDNCWUlSJS8J27V7Jx0luw40f8XvXNlBEVEHX3MbmGt1o0WcgmlS','investor',1),(10062,'Ritwik','male','ritwik6632@rediffmail.com','$2b$12$.Z85jnVSy9gjDB.dD9uDp.qAqSR55Ld7BukiyCWMPGCAsVO9nmUHS','developer',1),(10063,'Avanika','female','avanika8177@hotmail.com','$2b$12$aNboidcEZmIfifkJP6R5IuPP9C0d0ACBl7vz1P6s/4lW7R1qI2G9i','investor',0),(10064,'Ilavarasi','female','ilavarasi1999@gmail.com','$2b$12$FnDq9WYSS/Q.p9wpD5l0huJRx0UUqTHBJ3SMwwjCtvzL5.Z4S1dT2','investor',1),(10065,'Raksh','male','raksh1537@yahoo.com','$2b$12$wFjzQmh6gamEj1VmSp/zR.4Kksl0VSd9naZ2kWut8kqc6cqtze.N.','investor',1),(10066,'Vasudhaa','female','vasudhaa4791@rediffmail.com','$2b$12$USaNF6yd.JIBY2BVEl6c4e90HMPc2zHSNKSqU6TrZ8v7FnE5W1VbC','investor',1),(10067,'Niketha','female','niketha3132@rediffmail.com','$2b$12$8N1fvpSUonyY1NQ1Kj5Ky.5IdC6QYwfn8KOi4Vh6P1XXmr7n4FCNO','investor',0),(10068,'Ruvikshan','male','ruvikshan8328@outlook.com','$2b$12$YV1LKQTbOQDgmIrBPvvCQ.SLx.sdHR55euqkU9qmheABxQQbjzCr6','developer',0),(10069,'Ishaiya','female','ishaiya2444@hotmail.com','$2b$12$W6GJLOtxokaZbqaRAu9wn.dnzdWNWSVCjOXmh8US0zaP6etFIoOzi','developer',1),(10070,'Kishaami','female','kishaami3100@yahoo.com','$2b$12$WAf9HMExGLgkUm5K4eZZmeNdy8.16WzIFKE2FcgBCRBPfNHO1j5xG','developer',1),(10071,'Maheshwar','male','maheshwar6256@hotmail.com','$2b$12$NvuTHxnhRlyiP8ZORDiJqu82UssWiN9jA1NOYAPMBhhYPlDuka98y','developer',0),(10072,'Bavatharni','female','bavatharni9679@outlook.com','$2b$12$reQebTRiEJTjc1kSXxIm/eY5M9Yj1JqtGu/7R/vSZiLUkc7mH3WsG','investor',1),(10073,'Mithun','male','mithun6727@yahoo.com','$2b$12$jywas0JI4NeZZMehUbLcdO.yq4SLSQjFTx5zvjCX.tg76wAM92p9W','developer',1),(10074,'Thevakan','male','thevakan5393@rediffmail.com','$2b$12$KT5CP8fTxsWayWmRwH0k6e2DQB8mRCm32Dp1vhC8hK655q1D4ly8S','investor',1),(10075,'Meerdhuva','female','meerdhuva1131@yahoo.com','$2b$12$G4.0vuUYHmQKZRlr6zbsoeYXIENN/VDdYGjkR2uTaCn85lu/aBE42','investor',1),(10076,'Diveesha','female','diveesha1656@hotmail.com','$2b$12$iJyrUrrVd8J7yLzO.7dAduuccNlg5m8sX9rRu1Bq.GQyyGZFbqpUW','developer',1),(10077,'Tharpana','female','tharpana7066@yahoo.com','$2b$12$y4afVvlC1ynxAa096Vgm8uumD5ojME2QRI538Nn/uaHwweHc2cS1G','developer',1),(10078,'Aniq','male','aniq6277@rediffmail.com','$2b$12$3hWXIcySsCI9bT8DZYE6e.ct0mE32LGWD6.KVzOWd7IsKP1YiLxiW','investor',1),(10079,'Nethakan','male','nethakan163@hotmail.com','$2b$12$g/0sU4Xr1/JOzWCXxce/9uFsUYA8XF7Fku3WFBfuQZH3lh8rOWl6W','investor',1),(10080,'Kamili','female','kamili6961@outlook.com','$2b$12$zJw/NGRVhek/H7fQQ6BGyOTGSL3NJJJpVpPjLuiIXA5Wq0IwenZym','developer',1),(10081,'Kawsalya','female','kawsalya5891@rediffmail.com','$2b$12$A0eGDWMJ6gNTfEycZNA5PO7JPFzjg.GnBodYv2NURA49hOO1AegQi','investor',1),(10082,'Kathiiravan','male','kathiiravan813@rediffmail.com','$2b$12$1Sos1RVKjqndiJerYbS7p.vJzm6IJ7OXt2tBtzOx3dF7QVDtM4r8.','investor',1),(10083,'Veeramanikanta','male','veeramanikanta3598@yahoo.com','$2b$12$I4qV366iCaPEHwdnorp0LOmKhXQOP35w4u.f.14B9zCcd6cDaqw2C','developer',1),(10084,'Nimarshan','male','nimarshan655@outlook.com','$2b$12$llwCqMTSH9bL/7mJet2uj.gZ4PVYjDXHROLy5lQJDCwFTnX6NftYG','investor',1),(10085,'Jerishan','male','jerishan6817@yahoo.com','$2b$12$CkHf6YjF7RKq5E66DqdotuVxK8WwR8CKm/FV2KCoDlxMZJO1paTJ.','developer',1),(10086,'Preyen','male','preyen2705@outlook.com','$2b$12$fkN7quSba0ikv/aOhjxah.CsZoqvUSUOudiF2K309YvjeQsf090z6','investor',1),(10087,'Anudhaya','female','anudhaya7683@gmail.com','$2b$12$/vL6PPuNjCVreY2A.LYpAOu.aUSTkIkRqb3WI0h/r5FrmkCw6QZJm','investor',0),(10088,'Shardul','male','shardul9141@outlook.com','$2b$12$U672J5.zKVgVijNrPrbI5.NXXwK1EoKepeTLwOlN1qWYD2ZDUIHcy','investor',1),(10089,'Samikksa','female','samikksa4305@rediffmail.com','$2b$12$T7WF99khWysj9Uw.MZ83Rumdx4XC90iUMhK8bbKW1RZFHGvZrQag6','investor',1),(10090,'Mahithana','female','mahithana9208@outlook.com','$2b$12$aSjnSQOSdnhRpSfXkHaMtOkVDuzP/85z9XghX6I9UOYMM1ucNUFyu','developer',0),(10091,'Khyathi','female','khyathi6699@gmail.com','$2b$12$1RX8Ur1XHyVDQY/t4y/y.OSJUpzOSU5z2RT77FmIAa7Fp6OKNDR4K','investor',1),(10092,'Dharana','female','dharana2232@hotmail.com','$2b$12$DUsJrAlXJM5073nt3keRmefE6g3Yv29nwTFsQd256R2ahs5rCUbwW','investor',1),(10093,'Yaadhunandhan','male','yaadhunandhan2541@hotmail.com','$2b$12$OKd99foITBraIJ9SN6PwgOY98OE.SjjLY8B3O8/oRicEMhAZUyE0S','investor',1),(10094,'Meer','male','meer3569@hotmail.com','$2b$12$B4qKUOLjdfqe1YeK3tgnqOJXmFZoKbpsGyjiYmeGiodGUHjOAEhTG','developer',1),(10095,'Ponmani','female','ponmani5886@gmail.com','$2b$12$8EqnKfp9KY4zqvvGSx2Ileb8/TaD1ZC8e7N5E3pjZPdZw/D4N/ShC','investor',0),(10096,'Kirupakini','female','kirupakini9793@gmail.com','$2b$12$mtulyjj4bMVG.z4W9H396ef0r2k13JlSA5sVyYNYBZ99kk1a0i6ZO','investor',1),(10097,'Aastik','male','aastik9090@yahoo.com','$2b$12$W.vZ.EFdIWQsdSyzUCugG.ZwdfwDybXsTZOWxQjlAf7/GjlgFSJsO','developer',1),(10098,'Athusha','female','athusha4552@yahoo.com','$2b$12$wcDxwB6P7xzdWix2krvkA.C6d00eqCRqxc6IJTa8owU0/f6Zj2dTe','investor',0),(10099,'Rathinam','male','rathinam5879@yahoo.com','$2b$12$1t08vQDxTcBX99K9OoOpa.PF6Q3fCfo5SG/AL/w1ZA3C/p204NPHm','investor',1),(10100,'Nivaesh','male','nivaesh1051@hotmail.com','$2b$12$50OqObue3X5PQxJljXb8Tu9V0QX2XdtLGZu5vFG3PM.seL87zxCVe','developer',1),(10101,'Piragathi','female','piragathi8553@outlook.com','$2b$12$0AdOfk3llS7QcMl4DWZHUe6nB9zl1hESgZ/5akVaj7iig3XbG2l7.','investor',0),(10102,'Priyatha','female','priyatha8042@hotmail.com','$2b$12$DwhXgeS4xKC2ymDLnanZ..i6VMyeQusrsSvnzAQdilHbglDm9Tnj.','developer',1),(10103,'Poovarashan','male','poovarashan8994@outlook.com','$2b$12$gHvvV370HUw6tUpeez4Hjuloxc9XGG/GjL8S5wYI6uEQQOUT1OKS2','developer',1),(10104,'Anjeli','female','anjeli1884@rediffmail.com','$2b$12$1agsBmOqhws9F1WdRVeJV.G12l83MjWBa49cI24AvX69.7cq2kppC','investor',0),(10105,'Atish','male','atish6825@gmail.com','$2b$12$rOGaduuA3XLAU4RGdWOA9.hqKeAKRuHPc9zREY0Pdx8z6XPTAMhYq','investor',1),(10106,'Rakunthana','female','rakunthana1504@gmail.com','$2b$12$YBxvDd5V0eCliKnhXRBkwuVZDykquPM6VFYedZuX1GW7VHXDiLxqG','developer',0),(10107,'Keerthybalan','male','keerthybalan9211@rediffmail.com','$2b$12$fXjfnI3jVlRMXoG8NM71z.wZz5J4rkfQhCuBPo1fNKov7o1YMA2xa','investor',1),(10108,'Indraa','female','indraa852@outlook.com','$2b$12$ms8hDbRCB0MFKbZuBYp74.E2kxhV5nWPCJgcGKRss5JCi7k2jVx3e','developer',1),(10109,'Devanayaki','female','devanayaki1783@outlook.com','$2b$12$tiEkTVntzDLmH10X92rzje4RCaIaq875nFToVQp8bNao/1Gd/sI32','investor',1),(10110,'Krishnitha','female','krishnitha9131@gmail.com','$2b$12$otBBzRPrpyq2OLFsMSiN2e3JyV7sDIzC7NwMi.0ez1qdXiV7JUX5G','developer',1),(10111,'Nagdhar','male','nagdhar5577@outlook.com','$2b$12$hKAgBb1NDkFSPtXYyTtd1OX.WScYtHYSlF1RWqI08hNI/34pSc/q2','developer',1),(10112,'Ruparajan','male','ruparajan512@gmail.com','$2b$12$VsXlKaFsHf0XQ5vxzQl11uH5vjamOv/ljnuZfzKiKdkAMZ8ympTCi','developer',1),(10113,'Theema','male','theema9309@rediffmail.com','$2b$12$/juH0z47fFJAciYLwrG7VOGoQukneimRo6WRBWIWYDa/QMDbOvg9e','investor',1),(10114,'Aradya','female','aradya6957@hotmail.com','$2b$12$g/rw27GrZ9vKG/F26Kk/E.7vo8oB6DYdDAeyWi.4Oeh28hxrYz0sy','investor',1),(10115,'Pulari','female','pulari9727@hotmail.com','$2b$12$ffa4og3oavxt7Fba4fLwgOrTlq3phJp9Dk54lHzZ8m45rIIxE1SvS','investor',1),(10116,'Rubachandran','female','rubachandran3470@yahoo.com','$2b$12$YFmPCG.A63UJX3r93FZIEOqKDBIsJ8Tdu80xdmMjtDL7qfXoSADvi','investor',1),(10117,'Mithan','male','mithan8735@yahoo.com','$2b$12$GWBocULzmIeujeN2CoFY9eD0pVZQ6kvp5sjXU176dScLuHM.RrWOK','developer',1),(10118,'Nimish','male','nimish317@hotmail.com','$2b$12$S.mLNmWQn//wverhyBEdAuZdnqF4xCr5BX5moQxnNSh0xldDqlzny','investor',1),(10119,'Namishan','male','namishan1897@hotmail.com','$2b$12$nrDURVeecP.iCCxSsN2jeuL99r15tsp7l1XeuQp1hKtImS5vK9HN6','developer',1),(10120,'Alishiya','female','alishiya1453@hotmail.com','$2b$12$/SIafPLvwDZ3UEo1pZJCD.zRWq4k8xLZv4TV.32Nr2uOfQxJuIxki','developer',1),(10121,'Shailan','male','shailan5572@yahoo.com','$2b$12$DR01yKT096Wr5mRMjiTx8uADx1vwzkrtJKvonR.wigBqzoLEbCIRC','developer',1),(10122,'Prathvik','male','prathvik5734@outlook.com','$2b$12$zemolYYT/BdllkdCg47WYeqji6XM62lwLhkQcfnY1e0HbPZptSXsi','developer',0),(10123,'Gajananan','male','gajananan9879@yahoo.com','$2b$12$0JHzmTU30Pmva8GNJpOHue4cau6/3QfYNqzuRtvIa6kl.Kt7D/PPK','investor',1),(10124,'Gurusoth','male','gurusoth9504@hotmail.com','$2b$12$DUxmGu5UsHE1heqwtnBaLuUs2LypJqDJvLGagw/dvFxohqWCICFQm','investor',1),(10125,'Tamra','male','tamra5189@yahoo.com','$2b$12$v.NMFmRFkj8S0nJUFB3SW.Ijszoh/7ykiGP9kMipkimR11klNuuXO','investor',1),(10126,'Santhanu','female','santhanu1225@outlook.com','$2b$12$vmrS.BjBoxFjaJMqDlWACO6PSc3e1wFOqhdoMp4UIo.5h.PZiFpwC','developer',1),(10127,'Mathavee','female','mathavee1489@rediffmail.com','$2b$12$AIXok7LWTgUi35E6HoZA9uLiTpykyn6Gx0qD7U03WOA8HNgFP1t3W','investor',0),(10128,'Ilesh','male','ilesh9376@yahoo.com','$2b$12$1usymPT.F8WmiXhO2tPjC.qikZfuiFo84ZEg3D71PZe7o90IR3uQ6','developer',1),(10129,'Abivathan','male','abivathan5636@gmail.com','$2b$12$4xTXXtPVDzY6hPiYukGkF.krxxhiPB4fyki1TvPeh7ef/RpEoqGHa','investor',1),(10130,'Dhenuka','female','dhenuka2610@outlook.com','$2b$12$68/afSs561YiDhuZwln9deI3e6wt64djd0mAwkQBFkWV3a5ng7/Ga','developer',1),(10131,'Nishanthi','female','nishanthi5492@gmail.com','$2b$12$g58.OUbzISbfn2H3lzJomOs5KE4vMKQyUEq.Ro9PJtFtkbmYs5tBy','investor',1),(10132,'Kalvidasan','male','kalvidasan9884@yahoo.com','$2b$12$c.7kTClnSLU5Ib1n6jekTOtXXpQEQZVhTKghEMESPBgmvK0PcabeW','investor',1),(10133,'Sageetha','female','sageetha6431@yahoo.com','$2b$12$DwKXWp9mOB0h5JcpzIsvA.0X7wx.tI9WODIc50WT132s5x0YUcOZe','investor',0),(10134,'Yashesh','male','yashesh8634@gmail.com','$2b$12$WP9NuxqCsbkcjm.XU8fZI.MLDhzWTUSe/a9EWZ2BfrZTETUJpevWW','developer',0),(10135,'Vethavitha','female','vethavitha7977@yahoo.com','$2b$12$e2ooatFFmnwgepYPJXIt1ujLlS8AIAcZPbW71Xow.OcGIcMG8NJei','developer',1),(10136,'Mathimaran','male','mathimaran8636@gmail.com','$2b$12$K1aACv2100asjCABRW/K0OMDmIoCNPRU5VQ79JHS7MPfhg3Su5wwa','investor',0),(10137,'Tamilvani','female','tamilvani2722@hotmail.com','$2b$12$kriFuP.ui.wfuI/DRYDi2eF8Y9iMPKLtMtPM9e9sZeqOtqNNDoQoG','investor',1),(10138,'Itishree','female','itishree7365@yahoo.com','$2b$12$ZZ9oiywbDdM6ra.3T3z7AeCt2ph6yba4EVoWiYoN9cUwZWWBNfE.G','investor',1),(10139,'Chidakash','male','chidakash9355@hotmail.com','$2b$12$WdCslOC2KlQHv3XfuiFdQ.UEd2iyKmUOPmh8XH/CtBYm.gr/NmWiS','investor',1),(10140,'Kalapak','male','kalapak9916@yahoo.com','$2b$12$85mnu7ibSHPzkaO7yUtjUO8y5FuCMgtGNmYWMb.6f2bVO8sToryz2','investor',0),(10141,'Senthirayan','male','senthirayan8462@gmail.com','$2b$12$lA9I5hTaHgUf6AXdNPC5.u6a7r1tEEtCvm1h.W159ApVQcpm1wfWK','investor',1),(10142,'Yeshwin','male','yeshwin3647@hotmail.com','$2b$12$y.dxrKRBjuyYwNDuoEJznumUeP7q4OmGzecEr7GGS5VVKByp61CYK','developer',1),(10143,'Luckshiya','female','luckshiya1347@outlook.com','$2b$12$tfxe7kWpXk2BlxmSlzLiKOBwipPCEZmy8zK8pOE5xe9OhxqxSuuOG','developer',1),(10144,'Prashaanth','male','prashaanth637@outlook.com','$2b$12$0dQgyvl0nPriTi636EQXXOOI0Sadl4R7AF0P46VBgdMPhsObkQJ12','investor',1),(10145,'Ilayaraja','male','ilayaraja1308@gmail.com','$2b$12$5FvdqGHyU2vujrRllJmjJ.AV6Ye9Ku17wZY15uEdpLtBGNAyPV2Me','investor',1),(10146,'Saaheeshan','male','saaheeshan4730@yahoo.com','$2b$12$AWh0mpgsFtjIT1rhP1pAhuBu4KOd5maYJiVL3rPullID/sHFpKocu','developer',1),(10147,'Sahiran','male','sahiran8199@rediffmail.com','$2b$12$0vPxKy16Z4CUdgezNFZUGeXNrnQPfSMdZMVT1aR0g9GI7dNlpP89.','investor',1),(10148,'Nirthulanan','male','nirthulanan5790@yahoo.com','$2b$12$0mGA6qtBC8ULN0sB9LDZ6uOuPkXEjcLBGf8FmCpNHzHrjE.vV.2uK','investor',1),(10149,'Aathikka','female','aathikka8924@rediffmail.com','$2b$12$tJMq/3CmJTpSqaCbO1JoDOoenXjy6oBxshFVy7C/d4kvGjcGQAtty','developer',1),(10150,'Darhan','male','darhan6126@outlook.com','$2b$12$HbtEaw0wYlCk58YO6vJz5.a9OJMIXBdnxcyHLWCBnize4NJXVe/by','investor',1),(10151,'Kevali','female','kevali9543@outlook.com','$2b$12$.JpxXgIy6BF88HDj0gypE.wrdq9kocFdxFoNt8b9G2dd0htVecoMy','investor',1),(10152,'Pathmavathana','female','pathmavathana7850@yahoo.com','$2b$12$j9r7QeR4zc0ZKial/p.ikuNLwx9Pf4GGrv1lwFJUfqKNBmkT0TpsK','investor',1),(10153,'Thurmika','female','thurmika3278@gmail.com','$2b$12$QmiY1xLbjBU3wvNgZ6pDVOvNueZtL7oDvb2lV2qYMdXzIh5Zgp.8a','developer',1),(10154,'Nirojani','female','nirojani3141@outlook.com','$2b$12$ypLlTBfUYkrgeEKDZ7N85ezJd7QKN2gZQo/a2TPUh/wkf3/aWpHke','developer',1),(10155,'Netravathi','female','netravathi6563@hotmail.com','$2b$12$5eEmAD7ahQZ2I/NkkAaAJuPkLokrQ59Ha6gwt9cCHjdC/X6kuREae','investor',1),(10156,'Dridhasandha','male','dridhasandha8517@outlook.com','$2b$12$iQj8pjFUdrJX.fgqwc.SG.Owlt3kLfP/LBZ1BnTyVKYV637PctYhe','investor',1),(10157,'Sushsam','male','sushsam5272@gmail.com','$2b$12$E6R0WslnZrhuDH.lXNQ/nuNNUgr49/dOQzKRzeZV3YyKaa.ap..Am','investor',0),(10158,'Thanushkasri','female','thanushkasri5769@hotmail.com','$2b$12$F.nc3SvAqCDF4IyabyHZCORiPMgsOWCnKA238NT8OxkEn6bIrn/fS','developer',0),(10159,'Anjushri','female','anjushri949@gmail.com','$2b$12$biF4v2iXREjJidOyg0G1YeOUucT2.TKozYpemHW9LFi/a2Q40/7jC','developer',1),(10160,'Moni','male','moni9964@hotmail.com','$2b$12$FhOww3seyZFczXtT/QYS0.AzpzFawWyfglqZihXWUlZqZEIPdjGPy','investor',0),(10161,'Yayani','female','yayani9923@yahoo.com','$2b$12$mynLN/HafWuzTjmsvbd1Fec2CQ9nPo1Djmi4y6Ubk6.DteAI7nKJ.','developer',1),(10162,'Vishalie','female','vishalie6531@outlook.com','$2b$12$QBuS/UBmaPNGDEi8VRTXFeq6DYzU0V3D1kgO8ju5GCyUYsO189nde','investor',0),(10163,'Jatan','male','jatan9212@gmail.com','$2b$12$6fAsMPOxzJrUCX6WzGz7XuNz5BBIK.MEwW0KpU4k5obr.sjoj4i5.','developer',1),(10164,'Somanath','male','somanath8057@yahoo.com','$2b$12$x.lFJm3yuUENKmmjPcApxuYdpm4f.lXvSEEzEwHHyvnLpe5I6m9KK','developer',0),(10165,'Edna','female','edna5246@outlook.com','$2b$12$qHfTy6R1hAmHbUiKr429oOs81e3cPck6enwRse6qC6.NSwFPO5S0W','developer',1),(10166,'Mahashvini','female','mahashvini2862@outlook.com','$2b$12$ooQUempWeQUCMw5AX6.jfe57clfUQvpMBxDWqyNPo.oGU0EYXQ8Zm','investor',1),(10167,'Sadhika','female','sadhika9087@rediffmail.com','$2b$12$XIkfDJ5PpNYFZ9cLBbaijOkBNlbWYGbscx7c7aQiTuzmYCCuD7F6W','developer',1),(10168,'Thadshayani','female','thadshayani7852@rediffmail.com','$2b$12$FoMvCyDsoexNWxiBTNQ0QeiXVlidcPBlUtKebO965avpbA237nTXG','investor',1),(10169,'Vishvam','male','vishvam7642@rediffmail.com','$2b$12$R2G4CXX/zCHq95KNssJaZ.2N7BSHAFvGT7PHwE.NbEPGaaucEheS2','investor',1),(10170,'Nandin','male','nandin7098@rediffmail.com','$2b$12$Iu/7bdR1rVpGZmWH0xYEteHjZ/6wBUivzNK1Y8Px2ucEphQhTxuaK','developer',1),(10171,'Prishanth','male','prishanth3704@outlook.com','$2b$12$gJSjyK2ijmwBuzyRuyW/TeRoS5VgyOnDY3wHmZmWQUvXaagnmse/S','investor',1),(10172,'Vedviyan','male','vedviyan4506@yahoo.com','$2b$12$CmmsI1OTxq1fDLfxFAWt4.XpKI47rE20UJhXZWVnpXDuMo0Ee3VI.','developer',0),(10173,'Arunmozhithevan','male','arunmozhithevan2814@rediffmail.com','$2b$12$zxDTna0Ca80/qsKxCbE6qecMNDpEE9eAP8iie5NpOXEm4egdPms3u','developer',0),(10174,'Badari','male','badari754@rediffmail.com','$2b$12$CzuSO6kTtUdBDACo5ZCC9u5njewOTp3e65Cm1dZhpfcMCHNOy5Igq','developer',1),(10175,'Yaashvathi','female','yaashvathi8948@outlook.com','$2b$12$NKYJwMWiI7Mt8ejbov6/weOLoTJzU0hFsTURPSdAjjtGtW61/vnzm','developer',1),(10176,'Ruthreswaran','male','ruthreswaran991@yahoo.com','$2b$12$CZCBV.71vsg6.rphEht9.OKxx2UJvJabA9GSw4StXN2u0Mw7ARn.q','investor',0),(10177,'Menuja','female','menuja5668@hotmail.com','$2b$12$vYUtAulLCt8odYZop0fjs.5namVsKS02N40Yx7Pg8/SQ2UIKTlCcW','investor',0),(10178,'Tripurari','male','tripurari4071@yahoo.com','$2b$12$5.FtlTm9lyaCZAIEL7EXnuJo3ucAADyWjdx.59do1FZ8YSAByvRz6','investor',1),(10179,'Vrund','female','vrund2626@outlook.com','$2b$12$FIR3aEOwWxOlUgFQxB8P7ucErOsEmcSbaH6A6WtTV1qV37uN81Om.','investor',1),(10180,'Yakshatra','female','yakshatra5065@hotmail.com','$2b$12$6EZSXFesMKfLToL8om8oQOYf2WJyZ/a1.l2wJO1VDwje1YlRSv7cS','investor',1),(10181,'Priyathevi','female','priyathevi838@outlook.com','$2b$12$6c4FzgAt0Zj/FP4h71F/BOT11rV4npoHLxj0Y1tmcEXzwGD5VCvSq','investor',1),(10182,'Yathustiga','female','yathustiga7070@yahoo.com','$2b$12$gLxF9bVyqfE.8yDdJot0PuKejtsK4.0UmGh0bRGMAzYbowH7jhKD.','investor',1),(10183,'Niraani','female','niraani3199@outlook.com','$2b$12$u2SfPJov9Jrmql2UU5.0FujfYyPFHTYi37MtnLEGgHEf4xKG1Wozu','investor',1),(10184,'Ellilvaane','female','ellilvaane1956@yahoo.com','$2b$12$8XvuiWf7fbgUobsHhHBTge8CB1V2yYfwrzc1CDKnkfo15nyATCnCm','investor',1),(10185,'Shaandilya','male','shaandilya3271@rediffmail.com','$2b$12$cfMTvdEDQynSQSPO6q21.OoYazH/s73sfyBdm/zc4UthNZNdVJppS','developer',1),(10186,'Shova','male','shova7497@yahoo.com','$2b$12$3aaNmdonpQvAQcLSFtfW0ebcmCQ/cJaPK.xtqF5pIccXe.I8tDMeG','investor',1),(10187,'Rudren','male','rudren4912@rediffmail.com','$2b$12$75GD3qONVIyTgE128vg9megvcIRO4YKKW4LT6gRpWyks3X7tpl1Ii','investor',1),(10188,'Arravinthan','male','arravinthan6045@outlook.com','$2b$12$oYVVvOLX7EvBYQkVapSVTO8rtbzBpM5JahRPyl2OgFVuILMV2YGPG','investor',0),(10189,'Astuti','female','astuti446@rediffmail.com','$2b$12$sPl5txSKOwnn9jxXJWk1vuDxZXMXrJwg/qkMZh7fXDS/c/iXnWDY2','developer',1),(10190,'Kaayathri','female','kaayathri9570@hotmail.com','$2b$12$225LdD2RXCgJxiBIStLXoekvW1AMv26cL.BjoFXkzsqI4U4VMjAiG','investor',0),(10191,'Atiriya','female','atiriya527@rediffmail.com','$2b$12$YZU8zEb4QbYhDkoccoD1keDIfKFj5foYWDlh7HG5nAILwQCCgp/UG','investor',1),(10192,'Elila','female','elila6733@rediffmail.com','$2b$12$z7zu6du0Mz5E8ipK5dLbIu2m4LSAU8fUdU64922A8YvLndA.GguDe','investor',1),(10193,'Prinitha','female','prinitha3407@rediffmail.com','$2b$12$D8RneXG8q72kYgKxosQZnu/R7DgHzRW13vtf7PQr62jiuUWQNQvtu','developer',1),(10194,'Juma','female','juma5618@rediffmail.com','$2b$12$HIYntvBL6H0ZxEdRw8Jh9uGcgAWZgE0lmrhgSQcUg5GHo8/HBNKSm','developer',1),(10195,'Uthisha','female','uthisha3160@yahoo.com','$2b$12$ZqwHO.3QaR/q4wpRDo0CM.mpGGQQrIXhGesw8WQc6WK4Lytx4ARR.','investor',0),(10196,'Nithik','male','nithik8021@outlook.com','$2b$12$2/ovjuyN2nWyyVgWKrt8EOJHWRzJUdF2BToZuwX9UPCc1uGOUNzTK','investor',1),(10197,'Jaysuran','male','jaysuran8909@hotmail.com','$2b$12$8ABAzd7XzuQVdv7NqYL1m.7m5Hww4TCGTgAkX.hfmSw4iRnmriLia','investor',1),(10198,'Shreepal','male','shreepal1304@outlook.com','$2b$12$Hbq4AP/lbcUmmbak3ZeJjeOiwZ9Mt1z3t7xekyufn77SHvZTaICk2','developer',0);
/*!40000 ALTER TABLE `users` ENABLE KEYS */;
UNLOCK TABLES;

--
-- Dumping events for database 'brickyield'
--

--
-- Dumping routines for database 'brickyield'
--
/*!50003 DROP PROCEDURE IF EXISTS `get_admin_system_report` */;
/*!50003 SET @saved_cs_client      = @@character_set_client */ ;
/*!50003 SET @saved_cs_results     = @@character_set_results */ ;
/*!50003 SET @saved_col_connection = @@collation_connection */ ;
/*!50003 SET character_set_client  = utf8mb4 */ ;
/*!50003 SET character_set_results = utf8mb4 */ ;
/*!50003 SET collation_connection  = utf8mb4_0900_ai_ci */ ;
/*!50003 SET @saved_sql_mode       = @@sql_mode */ ;
/*!50003 SET sql_mode              = 'ONLY_FULL_GROUP_BY,STRICT_TRANS_TABLES,NO_ZERO_IN_DATE,NO_ZERO_DATE,ERROR_FOR_DIVISION_BY_ZERO,NO_ENGINE_SUBSTITUTION' */ ;
DELIMITER ;;
CREATE DEFINER=`root`@`localhost` PROCEDURE `get_admin_system_report`()
BEGIN
    -- Result Set 1: Overall System Stats
    SELECT 
        (SELECT COUNT(*) FROM users) as total_users,
        (SELECT COUNT(*) FROM users WHERE user_type = 'investor') as total_investors,
        (SELECT COUNT(*) FROM users WHERE user_type = 'developer') as total_developers,
        (SELECT COUNT(*) FROM users WHERE kyc_verified = 0) as kyc_pending,
        (SELECT COUNT(*) FROM properties) as total_properties,
        (SELECT COALESCE(SUM(total_shares_issued), 0) FROM properties) as total_shares_issued,
        (SELECT COALESCE(SUM(total_revenue), 0) FROM dividend_distributions) as total_revenue,
        (SELECT COALESCE(SUM(total_expenses), 0) FROM dividend_distributions) as total_expenses,
        (SELECT COALESCE(SUM(net_income), 0) FROM dividend_distributions) as net_income,
        (SELECT COUNT(*) FROM lease_agreements 
         WHERE CURDATE() BETWEEN lease_start_date AND lease_end_date) as active_leases;

    -- Result Set 2: Property Chart Data
    SELECT 
        p.property_name as name,
        COALESCE(d.total_revenue, 0) as revenue, 
        COALESCE(d.total_expenses, 0) as expenses, 
        COALESCE(d.net_income, 0) as net
    FROM properties p
    LEFT JOIN dividend_distributions d ON p.property_id = d.property_id;
END ;;
DELIMITER ;
/*!50003 SET sql_mode              = @saved_sql_mode */ ;
/*!50003 SET character_set_client  = @saved_cs_client */ ;
/*!50003 SET character_set_results = @saved_cs_results */ ;
/*!50003 SET collation_connection  = @saved_col_connection */ ;
/*!50003 DROP PROCEDURE IF EXISTS `get_developer_profile` */;
/*!50003 SET @saved_cs_client      = @@character_set_client */ ;
/*!50003 SET @saved_cs_results     = @@character_set_results */ ;
/*!50003 SET @saved_col_connection = @@collation_connection */ ;
/*!50003 SET character_set_client  = utf8mb4 */ ;
/*!50003 SET character_set_results = utf8mb4 */ ;
/*!50003 SET collation_connection  = utf8mb4_0900_ai_ci */ ;
/*!50003 SET @saved_sql_mode       = @@sql_mode */ ;
/*!50003 SET sql_mode              = 'ONLY_FULL_GROUP_BY,STRICT_TRANS_TABLES,NO_ZERO_IN_DATE,NO_ZERO_DATE,ERROR_FOR_DIVISION_BY_ZERO,NO_ENGINE_SUBSTITUTION' */ ;
DELIMITER ;;
CREATE DEFINER=`root`@`localhost` PROCEDURE `get_developer_profile`(IN p_developer_id INT)
BEGIN
    -- Result set 1: Developer profile card
    SELECT
        d.developer_id,
        d.user_id,
        u.full_name              AS name,
        u.email,
        d.company_name,
        d.total_properties_listed,
        d.verified
    FROM   Developers d
    JOIN   Users u ON d.user_id = u.user_id
    WHERE  d.developer_id = p_developer_id;

    -- Result set 2: Full property detail rows
    SELECT
        p.property_id,
        p.property_name,
        p.property_type,
        p.city,
        p.state,
        p.total_area_sqft,
        p.total_shares_issued,
        p.available_shares,
        p.current_share_price,
        dd.distribution_id,
        dd.total_revenue,
        dd.total_expenses,
        dd.net_income,
        dd.dividend_per_share,
        t.tenant_id,
        t.tenant_name,
        t.business_type,
        t.contact_email         AS tenant_email,
        la.lease_id,
        la.lease_start_date,
        la.lease_end_date,
        la.yearly_rent
    FROM   Properties p
    LEFT JOIN Dividend_Distributions dd ON p.property_id = dd.property_id
    LEFT JOIN Lease_Agreements la       ON p.property_id = la.property_id
    LEFT JOIN Tenants t                 ON la.tenant_id   = t.tenant_id
    WHERE  p.developer_id = p_developer_id
    ORDER BY p.property_id;
END ;;
DELIMITER ;
/*!50003 SET sql_mode              = @saved_sql_mode */ ;
/*!50003 SET character_set_client  = @saved_cs_client */ ;
/*!50003 SET character_set_results = @saved_cs_results */ ;
/*!50003 SET collation_connection  = @saved_col_connection */ ;
/*!50003 DROP PROCEDURE IF EXISTS `get_developer_revenue_history` */;
/*!50003 SET @saved_cs_client      = @@character_set_client */ ;
/*!50003 SET @saved_cs_results     = @@character_set_results */ ;
/*!50003 SET @saved_col_connection = @@collation_connection */ ;
/*!50003 SET character_set_client  = utf8mb4 */ ;
/*!50003 SET character_set_results = utf8mb4 */ ;
/*!50003 SET collation_connection  = utf8mb4_0900_ai_ci */ ;
/*!50003 SET @saved_sql_mode       = @@sql_mode */ ;
/*!50003 SET sql_mode              = 'ONLY_FULL_GROUP_BY,STRICT_TRANS_TABLES,NO_ZERO_IN_DATE,NO_ZERO_DATE,ERROR_FOR_DIVISION_BY_ZERO,NO_ENGINE_SUBSTITUTION' */ ;
DELIMITER ;;
CREATE DEFINER=`root`@`localhost` PROCEDURE `get_developer_revenue_history`(IN p_user_id INT)
BEGIN
    DECLARE v_dev_id INT;
    SELECT developer_id INTO v_dev_id FROM developers WHERE user_id = p_user_id;

    SELECT 
        COALESCE(rr.revenue_id, 0) as revenue_id, 
        p.property_name, 
        COALESCE(rr.revenue_month, 'N/A') as revenue_month, 
        COALESCE(rr.amount_collected, 0) as amount_collected, 
        COALESCE(rr.payment_status, 'pending') as payment_status
    FROM properties p
    LEFT JOIN revenue_records rr ON p.property_id = rr.property_id
    WHERE p.developer_id = v_dev_id;
END ;;
DELIMITER ;
/*!50003 SET sql_mode              = @saved_sql_mode */ ;
/*!50003 SET character_set_client  = @saved_cs_client */ ;
/*!50003 SET character_set_results = @saved_cs_results */ ;
/*!50003 SET collation_connection  = @saved_col_connection */ ;
/*!50003 DROP PROCEDURE IF EXISTS `get_investor_financial_history` */;
/*!50003 SET @saved_cs_client      = @@character_set_client */ ;
/*!50003 SET @saved_cs_results     = @@character_set_results */ ;
/*!50003 SET @saved_col_connection = @@collation_connection */ ;
/*!50003 SET character_set_client  = utf8mb4 */ ;
/*!50003 SET character_set_results = utf8mb4 */ ;
/*!50003 SET collation_connection  = utf8mb4_0900_ai_ci */ ;
/*!50003 SET @saved_sql_mode       = @@sql_mode */ ;
/*!50003 SET sql_mode              = 'ONLY_FULL_GROUP_BY,STRICT_TRANS_TABLES,NO_ZERO_IN_DATE,NO_ZERO_DATE,ERROR_FOR_DIVISION_BY_ZERO,NO_ENGINE_SUBSTITUTION' */ ;
DELIMITER ;;
CREATE DEFINER=`root`@`localhost` PROCEDURE `get_investor_financial_history`(IN p_user_id INT)
BEGIN
    DECLARE v_investor_id INT;
    SELECT investor_id INTO v_investor_id FROM investors WHERE user_id = p_user_id;

    -- Result Set 1: Share Transactions (Safety: ID check)
    SELECT 
        COALESCE(t.transaction_id, 0) as transaction_id, 
        COALESCE(p.property_name, 'No Transactions') as property_name, 
        COALESCE(t.transaction_type, 'N/A') as transaction_type, 
        COALESCE(t.shares_quantity, 0) as shares_quantity, 
        COALESCE(t.price_per_share, 0) as price_per_share,
        COALESCE(t.total_amount, 0) as total_amount
    FROM (SELECT v_investor_id as inv_id) dummy
    LEFT JOIN share_transactions t ON t.buyer_id = dummy.inv_id OR t.seller_id = dummy.inv_id
    LEFT JOIN properties p ON t.property_id = p.property_id;

    -- Result Set 2: Dividend Payments (Safety: COALESCE)
    SELECT 
        COALESCE(dp.payment_id, 0) as payment_id, 
        COALESCE(p.property_name, 'N/A') as property_name, 
        COALESCE(dp.shares_held, 0) as shares_held, 
        COALESCE(dp.dividend_amount, 0) as dividend_amount, 
        COALESCE(dp.payment_status, 'pending') as payment_status
    FROM (SELECT v_investor_id as inv_id) dummy
    LEFT JOIN dividend_payments dp ON dp.investor_id = dummy.inv_id
    LEFT JOIN dividend_distributions dd ON dp.distribution_id = dd.distribution_id
    LEFT JOIN properties p ON dd.property_id = p.property_id;
END ;;
DELIMITER ;
/*!50003 SET sql_mode              = @saved_sql_mode */ ;
/*!50003 SET character_set_client  = @saved_cs_client */ ;
/*!50003 SET character_set_results = @saved_cs_results */ ;
/*!50003 SET collation_connection  = @saved_col_connection */ ;
/*!50003 DROP PROCEDURE IF EXISTS `get_investor_profile` */;
/*!50003 SET @saved_cs_client      = @@character_set_client */ ;
/*!50003 SET @saved_cs_results     = @@character_set_results */ ;
/*!50003 SET @saved_col_connection = @@collation_connection */ ;
/*!50003 SET character_set_client  = utf8mb4 */ ;
/*!50003 SET character_set_results = utf8mb4 */ ;
/*!50003 SET collation_connection  = utf8mb4_0900_ai_ci */ ;
/*!50003 SET @saved_sql_mode       = @@sql_mode */ ;
/*!50003 SET sql_mode              = 'ONLY_FULL_GROUP_BY,STRICT_TRANS_TABLES,NO_ZERO_IN_DATE,NO_ZERO_DATE,ERROR_FOR_DIVISION_BY_ZERO,NO_ENGINE_SUBSTITUTION' */ ;
DELIMITER ;;
CREATE DEFINER=`root`@`localhost` PROCEDURE `get_investor_profile`(IN p_investor_id INT)
BEGIN
    -- Result set 1: Profile card
    SELECT
        i.investor_id,
        u.full_name              AS name,
        u.email,
        i.wallet_balance         AS balance,
        i.total_invested,
        i.total_dividends_earned,
        i.risk_profile,
        u.kyc_verified
    FROM   Investors i
    JOIN   Users u ON i.user_id = u.user_id
    WHERE  i.investor_id = p_investor_id;

    -- Result set 2: Holdings for bubbles + pie chart
    SELECT
        so.ownership_id,
        so.property_id,
        p.property_name,
        p.property_type,
        p.city,
        so.shares_owned,
        so.total_invested                        AS invested_in_property,
        so.average_purchase_price,
        p.current_share_price,
        so.shares_owned * p.current_share_price  AS current_value
    FROM   Share_Ownership so
    JOIN   Properties p ON so.property_id = p.property_id
    WHERE  so.investor_id = p_investor_id AND so.shares_owned > 0
    ORDER BY so.total_invested DESC;
END ;;
DELIMITER ;
/*!50003 SET sql_mode              = @saved_sql_mode */ ;
/*!50003 SET character_set_client  = @saved_cs_client */ ;
/*!50003 SET character_set_results = @saved_cs_results */ ;
/*!50003 SET collation_connection  = @saved_col_connection */ ;
/*!50003 DROP PROCEDURE IF EXISTS `process_dividend_payout` */;
/*!50003 SET @saved_cs_client      = @@character_set_client */ ;
/*!50003 SET @saved_cs_results     = @@character_set_results */ ;
/*!50003 SET @saved_col_connection = @@collation_connection */ ;
/*!50003 SET character_set_client  = utf8mb4 */ ;
/*!50003 SET character_set_results = utf8mb4 */ ;
/*!50003 SET collation_connection  = utf8mb4_0900_ai_ci */ ;
/*!50003 SET @saved_sql_mode       = @@sql_mode */ ;
/*!50003 SET sql_mode              = 'ONLY_FULL_GROUP_BY,STRICT_TRANS_TABLES,NO_ZERO_IN_DATE,NO_ZERO_DATE,ERROR_FOR_DIVISION_BY_ZERO,NO_ENGINE_SUBSTITUTION' */ ;
DELIMITER ;;
CREATE DEFINER=`root`@`localhost` PROCEDURE `process_dividend_payout`()
BEGIN
    DECLARE done INT DEFAULT FALSE;
    DECLARE cur_dist_id INT;
    DECLARE cur_prop_id INT;
    DECLARE cur_div_per_share DECIMAL(15,2);
    
    -- Cursor to iterate through properties with defined distributions
    DECLARE dist_cursor CURSOR FOR 
        SELECT distribution_id, property_id, COALESCE(dividend_per_share, 0) 
        FROM dividend_distributions;
        
    DECLARE CONTINUE HANDLER FOR NOT FOUND SET done = TRUE;

    OPEN dist_cursor;

    read_loop: LOOP
        FETCH dist_cursor INTO cur_dist_id, cur_prop_id, cur_div_per_share;
        IF done THEN
            LEAVE read_loop;
        END IF;

        -- 1. Insert records into dividend_payments
        -- Ensuring dividend_amount is calculated as a number, never NULL
        INSERT INTO dividend_payments (distribution_id, investor_id, shares_held, dividend_amount, payment_status)
        SELECT 
            cur_dist_id, 
            s.investor_id, 
            s.shares_owned, 
            COALESCE(s.shares_owned * cur_div_per_share, 0), 
            'completed'
        FROM share_ownership s
        WHERE s.property_id = cur_prop_id;

        -- 2. Update investor wallets
        -- Using COALESCE on current balance to handle new accounts with NULL balances
        UPDATE investors i
        JOIN share_ownership s ON i.investor_id = s.investor_id
        SET 
            i.wallet_balance = COALESCE(i.wallet_balance, 0) + COALESCE(s.shares_owned * cur_div_per_share, 0),
            i.total_dividends_earned = COALESCE(i.total_dividends_earned, 0) + COALESCE(s.shares_owned * cur_div_per_share, 0)
        WHERE s.property_id = cur_prop_id;

    END LOOP;

    CLOSE dist_cursor;
END ;;
DELIMITER ;
/*!50003 SET sql_mode              = @saved_sql_mode */ ;
/*!50003 SET character_set_client  = @saved_cs_client */ ;
/*!50003 SET character_set_results = @saved_cs_results */ ;
/*!50003 SET collation_connection  = @saved_col_connection */ ;
/*!50003 DROP PROCEDURE IF EXISTS `purchase_shares` */;
/*!50003 SET @saved_cs_client      = @@character_set_client */ ;
/*!50003 SET @saved_cs_results     = @@character_set_results */ ;
/*!50003 SET @saved_col_connection = @@collation_connection */ ;
/*!50003 SET character_set_client  = utf8mb4 */ ;
/*!50003 SET character_set_results = utf8mb4 */ ;
/*!50003 SET collation_connection  = utf8mb4_0900_ai_ci */ ;
/*!50003 SET @saved_sql_mode       = @@sql_mode */ ;
/*!50003 SET sql_mode              = 'ONLY_FULL_GROUP_BY,STRICT_TRANS_TABLES,NO_ZERO_IN_DATE,NO_ZERO_DATE,ERROR_FOR_DIVISION_BY_ZERO,NO_ENGINE_SUBSTITUTION' */ ;
DELIMITER ;;
CREATE DEFINER=`root`@`localhost` PROCEDURE `purchase_shares`(
    IN  p_investor_id  INT,
    IN  p_property_id  INT,
    IN  p_quantity     INT,
    OUT p_result       VARCHAR(200)
)
BEGIN
    DECLARE v_wallet       DECIMAL(14,2);
    DECLARE v_share_price  DECIMAL(12,2);
    DECLARE v_available    INT;
    DECLARE v_total_cost   DECIMAL(14,2);

    DECLARE EXIT HANDLER FOR SQLEXCEPTION
    BEGIN
        ROLLBACK;
        SET p_result = 'ERROR: Transaction failed and rolled back.';
    END;

    START TRANSACTION;

    SELECT wallet_balance
    INTO   v_wallet
    FROM   Investors
    WHERE  investor_id = p_investor_id
    FOR UPDATE;

    SELECT current_share_price, available_shares
    INTO   v_share_price, v_available
    FROM   Properties
    WHERE  property_id = p_property_id
    FOR UPDATE;

    SET v_total_cost = p_quantity * v_share_price;

    IF p_quantity <= 0 THEN
        ROLLBACK;
        SET p_result = 'ERROR: Quantity must be greater than zero.';

    ELSEIF v_available < p_quantity THEN
        ROLLBACK;
        SET p_result = 'ERROR: Not enough shares available.';

    ELSEIF v_wallet < v_total_cost THEN
        ROLLBACK;
        SET p_result = 'ERROR: Insufficient wallet balance.';

    ELSE
        UPDATE Investors
        SET    wallet_balance = wallet_balance - v_total_cost,
               total_invested = total_invested + v_total_cost
        WHERE  investor_id = p_investor_id;

        UPDATE Properties
        SET    available_shares = available_shares - p_quantity
        WHERE  property_id = p_property_id;

        INSERT INTO Share_Transactions
            (property_id, buyer_id, seller_id, transaction_type,
             shares_quantity, price_per_share, total_amount, transaction_date)
        VALUES
            (p_property_id, p_investor_id, NULL, 'buy',
             p_quantity, v_share_price, v_total_cost, CURDATE());

        INSERT INTO Share_Ownership
            (investor_id, property_id, shares_owned,
             total_invested, average_purchase_price)
        VALUES
            (p_investor_id, p_property_id, p_quantity,
             v_total_cost, v_share_price)
        ON DUPLICATE KEY UPDATE
            total_invested         = total_invested + v_total_cost,
            average_purchase_price = (total_invested + v_total_cost)
                                     / (shares_owned + p_quantity),
            shares_owned           = shares_owned + p_quantity;

        COMMIT;
        SET p_result = CONCAT('SUCCESS: Bought ', p_quantity,
                              ' shares of property ', p_property_id,
                              ' for Rs.', v_total_cost);
    END IF;
END ;;
DELIMITER ;
/*!50003 SET sql_mode              = @saved_sql_mode */ ;
/*!50003 SET character_set_client  = @saved_cs_client */ ;
/*!50003 SET character_set_results = @saved_cs_results */ ;
/*!50003 SET collation_connection  = @saved_col_connection */ ;

--
-- Final view structure for view `developer_property_detail_view`
--

/*!50001 DROP VIEW IF EXISTS `developer_property_detail_view`*/;
/*!50001 SET @saved_cs_client          = @@character_set_client */;
/*!50001 SET @saved_cs_results         = @@character_set_results */;
/*!50001 SET @saved_col_connection     = @@collation_connection */;
/*!50001 SET character_set_client      = utf8mb4 */;
/*!50001 SET character_set_results     = utf8mb4 */;
/*!50001 SET collation_connection      = utf8mb4_0900_ai_ci */;
/*!50001 CREATE ALGORITHM=UNDEFINED */
/*!50013 DEFINER=`root`@`localhost` SQL SECURITY DEFINER */
/*!50001 VIEW `developer_property_detail_view` AS select `p`.`property_id` AS `property_id`,`p`.`developer_id` AS `developer_id`,`p`.`property_name` AS `property_name`,`p`.`property_type` AS `property_type`,`p`.`city` AS `city`,`p`.`state` AS `state`,`p`.`total_area_sqft` AS `total_area_sqft`,`p`.`total_shares_issued` AS `total_shares_issued`,`p`.`available_shares` AS `available_shares`,`p`.`current_share_price` AS `current_share_price`,`dd`.`distribution_id` AS `distribution_id`,`dd`.`total_revenue` AS `total_revenue`,`dd`.`total_expenses` AS `total_expenses`,`dd`.`net_income` AS `net_income`,`dd`.`dividend_per_share` AS `dividend_per_share`,`t`.`tenant_id` AS `tenant_id`,`t`.`tenant_name` AS `tenant_name`,`t`.`business_type` AS `business_type`,`t`.`contact_email` AS `tenant_email`,`la`.`lease_id` AS `lease_id`,`la`.`lease_start_date` AS `lease_start_date`,`la`.`lease_end_date` AS `lease_end_date`,`la`.`yearly_rent` AS `yearly_rent` from (((`properties` `p` left join `dividend_distributions` `dd` on((`p`.`property_id` = `dd`.`property_id`))) left join `lease_agreements` `la` on((`p`.`property_id` = `la`.`property_id`))) left join `tenants` `t` on((`la`.`tenant_id` = `t`.`tenant_id`))) */;
/*!50001 SET character_set_client      = @saved_cs_client */;
/*!50001 SET character_set_results     = @saved_cs_results */;
/*!50001 SET collation_connection      = @saved_col_connection */;

--
-- Final view structure for view `investor_portfolio_view`
--

/*!50001 DROP VIEW IF EXISTS `investor_portfolio_view`*/;
/*!50001 SET @saved_cs_client          = @@character_set_client */;
/*!50001 SET @saved_cs_results         = @@character_set_results */;
/*!50001 SET @saved_col_connection     = @@collation_connection */;
/*!50001 SET character_set_client      = utf8mb4 */;
/*!50001 SET character_set_results     = utf8mb4 */;
/*!50001 SET collation_connection      = utf8mb4_0900_ai_ci */;
/*!50001 CREATE ALGORITHM=UNDEFINED */
/*!50013 DEFINER=`root`@`localhost` SQL SECURITY DEFINER */
/*!50001 VIEW `investor_portfolio_view` AS select `i`.`investor_id` AS `investor_id`,`u`.`full_name` AS `name`,`u`.`email` AS `email`,`u`.`kyc_verified` AS `kyc_verified`,`i`.`wallet_balance` AS `balance`,`i`.`total_invested` AS `total_invested`,`i`.`total_dividends_earned` AS `total_dividends_earned`,`i`.`risk_profile` AS `risk_profile` from (`investors` `i` join `users` `u` on((`i`.`user_id` = `u`.`user_id`))) */;
/*!50001 SET character_set_client      = @saved_cs_client */;
/*!50001 SET character_set_results     = @saved_cs_results */;
/*!50001 SET collation_connection      = @saved_col_connection */;

--
-- Final view structure for view `property_marketplace_view`
--

/*!50001 DROP VIEW IF EXISTS `property_marketplace_view`*/;
/*!50001 SET @saved_cs_client          = @@character_set_client */;
/*!50001 SET @saved_cs_results         = @@character_set_results */;
/*!50001 SET @saved_col_connection     = @@collation_connection */;
/*!50001 SET character_set_client      = utf8mb4 */;
/*!50001 SET character_set_results     = utf8mb4 */;
/*!50001 SET collation_connection      = utf8mb4_0900_ai_ci */;
/*!50001 CREATE ALGORITHM=UNDEFINED */
/*!50013 DEFINER=`root`@`localhost` SQL SECURITY DEFINER */
/*!50001 VIEW `property_marketplace_view` AS select `p`.`property_id` AS `property_id`,`p`.`developer_id` AS `developer_id`,`d`.`company_name` AS `developer_name`,`p`.`property_name` AS `property_name`,`p`.`property_type` AS `property_type`,`p`.`city` AS `city`,`p`.`state` AS `state`,`p`.`total_area_sqft` AS `total_area_sqft`,`p`.`total_shares_issued` AS `total_shares_issued`,`p`.`available_shares` AS `available_shares`,`p`.`current_share_price` AS `current_share_price` from (`properties` `p` join `developers` `d` on((`p`.`developer_id` = `d`.`developer_id`))) */;
/*!50001 SET character_set_client      = @saved_cs_client */;
/*!50001 SET character_set_results     = @saved_cs_results */;
/*!50001 SET collation_connection      = @saved_col_connection */;
/*!40103 SET TIME_ZONE=@OLD_TIME_ZONE */;

/*!40101 SET SQL_MODE=@OLD_SQL_MODE */;
/*!40014 SET FOREIGN_KEY_CHECKS=@OLD_FOREIGN_KEY_CHECKS */;
/*!40014 SET UNIQUE_CHECKS=@OLD_UNIQUE_CHECKS */;
/*!40101 SET CHARACTER_SET_CLIENT=@OLD_CHARACTER_SET_CLIENT */;
/*!40101 SET CHARACTER_SET_RESULTS=@OLD_CHARACTER_SET_RESULTS */;
/*!40101 SET COLLATION_CONNECTION=@OLD_COLLATION_CONNECTION */;
/*!40111 SET SQL_NOTES=@OLD_SQL_NOTES */;

-- Dump completed on 2026-05-04 13:20:24
